location_name,code_loc,site_ID,habitat_esp2,dune,vegetation,avg_visib,avg_trees,dist_road,dist_water,npictures,cam_days2,habitat_mucina,BIOME,beginning,end,cam_days,setup_date,retrieval_date,habitat_esp,site_snap_code,lat_m,long_m,flash,cam_height,drxn,shade,dist_outcrop,dist_trail,freq_large_carniv,freq_medium_carniv,freq_small_carniv,freq_medium_ungu,freq_large_ungu,freq_extra_large_ungu,freq_ground_birds,freq_jackal,IMG..N,IMG..E,IMG..S,POLYSQKM,BOOKCODE,CONSTRGT,PROTCTD,REMAINING,CNSRVTNSTT,VTYPESQKM,MAPCODE,BOOKSEQU,BIOMECODE,GROUPCODE,GROUP,BRGNCODE,BIOREGION,VEGTYPEID,BIOMEID,GROUPID,BRGNID,POLYGONID,PRTCTNSTTS,PDFNAME,TOCLEGEND,LEGEND,lat_Y_deg,long_X_deg
Kgalagadi,KGA,KGA_A01,Boscia dune crest,crest,Boscia,6.3,30.9,70,13350,31,42.34122685185185,Gordonia Duneveld,Savanna Biome,2018-10-27T17:57:36Z,2018-12-09T02:08:58Z,77,2018-10-27,2019-01-12,Boscia dune crest,A01,-2890091.232,-32971.5158,White - Strobe,100,N,4,0,NA,2.6,3.9,0,2.6,44.16,2.6,7.79,2.6,NA,NA,NA,5217.9223,SVkd 1,16%,14.2%,99.8%,Least threatened,36771.7103,SVkd1,06 06 001,SV,SVkd,Kalahari Duneveld Bioregion,SVkd,Kalahari Duneveld Bioregion,1654,7,88,88,968,Moderately protected,pdf\SVkd_1_Gordonia_Duneveld.pdf,06 06 001 SVkd 1  Gordonia Duneveld,SVkd 1  Gordonia Duneveld,-26.11928,20.67034
Kgalagadi,KGA,KGA_A02,Boscia dune crest,crest,Boscia,4.3,34.2,40,11750,12,43.77965277777778,Gordonia Duneveld,Savanna Biome,2018-11-29T06:25:47Z,2019-01-12T01:08:29Z,77,2018-10-27,2019-01-12,Boscia dune crest,A02,-2888410.432,-31593.3454,White - Strobe,70,S ,3,0,5,0,0,0,0,19.48,0,0,0,NA,NA,NA,5217.9223,SVkd 1,16%,14.2%,99.8%,Least threatened,36771.7103,SVkd1,06 06 001,SV,SVkd,Kalahari Duneveld Bioregion,SVkd,Kalahari Duneveld Bioregion,1654,7,88,88,968,Moderately protected,pdf\SVkd_1_Gordonia_Duneveld.pdf,06 06 001 SVkd 1  Gordonia Duneveld,SVkd 1  Gordonia Duneveld,-26.10414,20.68416
Kgalagadi,KGA,KGA_A03,Haemotoxylon dune street,street,Haemotoxylon,5,21.6,30,10680,6,35.10353009259259,Gordonia Duneveld,Savanna Biome,2018-12-07T22:54:43Z,2019-01-12T01:23:48Z,77,2018-10-27,2019-01-12,Haemotoxylon dune street,A03,-2886828.495,-29779.4029,White - Strobe,50,N,0,0,5,0,0,0,0,3.9,0,0,0,NA,NA,NA,5217.9223,SVkd 1,16%,14.2%,99.8%,Least threatened,36771.7103,SVkd1,06 06 001,SV,SVkd,Kalahari Duneveld Bioregion,SVkd,Kalahari Duneveld Bioregion,1654,7,88,88,968,Moderately protected,pdf\SVkd_1_Gordonia_Duneveld.pdf,06 06 001 SVkd 1  Gordonia Duneveld,SVkd 1  Gordonia Duneveld,-26.0899,20.70233
Kgalagadi,KGA,KGA_A04,Erioloba dune street,street,Erioloba,29.3,24.8,36,10600,33,42.080787037037034,Gordonia Duneveld,Savanna Biome,2018-11-28T03:08:37Z,2019-01-09T05:04:57Z,77,2018-10-27,2019-01-12,Erioloba dune street,A04,-2885749.386,-27767.8431,White - Strobe,50,N,2,0,4,1.3,0,0,1.3,51.95,3.9,0,1.3,NA,NA,NA,5217.9223,SVkd 1,16%,14.2%,99.8%,Least threatened,36771.7103,SVkd1,06 06 001,SV,SVkd,Kalahari Duneveld Bioregion,SVkd,Kalahari Duneveld Bioregion,1654,7,88,88,968,Moderately protected,pdf\SVkd_1_Gordonia_Duneveld.pdf,06 06 001 SVkd 1  Gordonia Duneveld,SVkd 1  Gordonia Duneveld,-26.0802,20.72246
Kgalagadi,KGA,KGA_A05,Erioloba dune street,street,Erioloba,13.3,29.7,10,10190,30,45.49421296296296,Gordonia Duneveld,Savanna Biome,2018-11-27T17:09:11Z,2019-01-12T05:00:51Z,77,2018-10-27,2019-01-12,Erioloba dune street,A05,-2884800.051,-25672.6489,White - Strobe,60,SW,3,76,6,9.09,2.6,0,0,37.66,16.88,0,7.79,NA,NA,NA,5217.9223,SVkd 1,16%,14.2%,99.8%,Least threatened,36771.7103,SVkd1,06 06 001,SV,SVkd,Kalahari Duneveld Bioregion,SVkd,Kalahari Duneveld Bioregion,1654,7,88,88,968,Moderately protected,pdf\SVkd_1_Gordonia_Duneveld.pdf,06 06 001 SVkd 1  Gordonia Duneveld,SVkd 1  Gordonia Duneveld,-26.07167,20.74342
Kgalagadi,KGA,KGA_A06,Erioloba dune street,street,Erioloba,44,21.3,18,8690,48,41.35885416666667,Gordonia Duneveld,Savanna Biome,2018-11-30T23:22:35Z,2019-01-11T07:59:20Z,77,2018-10-27,2019-01-12,Erioloba dune street,A06,-2882794.6,-25024.1171,White - Strobe,70,S,3,0,NA,0,0,1.3,11.69,124.68,32.47,0,0,NA,NA,NA,5217.9223,SVkd 1,16%,14.2%,99.8%,Least threatened,36771.7103,SVkd1,06 06 001,SV,SVkd,Kalahari Duneveld Bioregion,SVkd,Kalahari Duneveld Bioregion,1654,7,88,88,968,Moderately protected,pdf\SVkd_1_Gordonia_Duneveld.pdf,06 06 001 SVkd 1  Gordonia Duneveld,SVkd 1  Gordonia Duneveld,-26.05358,20.74994
Kgalagadi,KGA,KGA_A07,Erioloba dune crest,crest,Erioloba,13.3,27.5,23,8050,23,40.378680555555555,Gordonia Duneveld,Savanna Biome,2018-12-01T23:56:03Z,2019-01-11T09:01:21Z,77,2018-10-27,2019-01-12,Erioloba dune crest,A07,-2881344.467,-26754.353,White - Strobe,90,N,2,61,4,2.6,14.29,7.79,1.3,6.49,3.9,0,2.6,NA,NA,NA,5217.9223,SVkd 1,16%,14.2%,99.8%,Least threatened,36771.7103,SVkd1,06 06 001,SV,SVkd,Kalahari Duneveld Bioregion,SVkd,Kalahari Duneveld Bioregion,1654,7,88,88,968,Moderately protected,pdf\SVkd_1_Gordonia_Duneveld.pdf,06 06 001 SVkd 1  Gordonia Duneveld,SVkd 1  Gordonia Duneveld,-26.04046,20.73268
Kgalagadi,KGA,KGA_A08,Erioloba dune crest,crest,Erioloba,8.7,20.9,15,5650,18,44.99402777777778,Gordonia Duneveld,Savanna Biome,2018-11-28T02:53:39Z,2019-01-12T02:45:03Z,77,2018-10-27,2019-01-12,Erioloba dune crest,A08,-2880035.383,-28538.7178,White - Strobe,70,SW,2,0,NA,2.6,1.3,0,1.3,16.88,1.3,2.6,1.3,NA,NA,NA,5217.9223,SVkd 1,16%,14.2%,99.8%,Least threatened,36771.7103,SVkd1,06 06 001,SV,SVkd,Kalahari Duneveld Bioregion,SVkd,Kalahari Duneveld Bioregion,1654,7,88,88,968,Moderately protected,pdf\SVkd_1_Gordonia_Duneveld.pdf,06 06 001 SVkd 1  Gordonia Duneveld,SVkd 1  Gordonia Duneveld,-26.02861,20.71488
Kgalagadi,KGA,KGA_A09,Erioloba dune street,street,Erioloba,12.3,26.5,22,3180,19,34.536701388888886,Gordonia Duneveld,Savanna Biome,2018-12-07T16:16:04Z,2019-01-11T05:08:55Z,77,2018-10-27,2019-01-12,Erioloba dune street,A09,-2878263.8,-30477.6799,White - Strobe,50,S,3,77,NA,0,2.6,0,0,25.97,5.19,0,0,NA,NA,NA,5217.9223,SVkd 1,16%,14.2%,99.8%,Least threatened,36771.7103,SVkd1,06 06 001,SV,SVkd,Kalahari Duneveld Bioregion,SVkd,Kalahari Duneveld Bioregion,1654,7,88,88,968,Moderately protected,pdf\SVkd_1_Gordonia_Duneveld.pdf,06 06 001 SVkd 1  Gordonia Duneveld,SVkd 1  Gordonia Duneveld,-26.01258,20.69555
Kgalagadi,KGA,KGA_A10,Erioloba dune street,street,Erioloba,34.3,28,44,850,8,41.256840277777776,Gordonia Duneveld,Savanna Biome,2018-11-28T16:15:02Z,2019-01-08T22:24:53Z,77,2018-10-27,2019-01-12,Erioloba dune street,A10,-2876982.376,-32491.0428,White - Strobe,40,S,0,0,NA,3.9,1.3,0,2.6,0,1.3,1.3,3.9,NA,NA,NA,5217.9223,SVkd 1,16%,14.2%,99.8%,Least threatened,36771.7103,SVkd1,06 06 001,SV,SVkd,Kalahari Duneveld Bioregion,SVkd,Kalahari Duneveld Bioregion,1654,7,88,88,968,Moderately protected,pdf\SVkd_1_Gordonia_Duneveld.pdf,06 06 001 SVkd 1  Gordonia Duneveld,SVkd 1  Gordonia Duneveld,-26.00097,20.67547
Kgalagadi,KGA,KGA_A11,Boscia open grassy plain,grass,Boscia,4,63.2,15,5240,22,44.081886574074076,Gordonia Duneveld,Savanna Biome,2018-11-27T19:54:56Z,2019-01-10T21:52:51Z,77,2018-10-27,2019-01-12,Boscia open grassy plain,A11,-2876139.55,-34757.9649,White - Strobe,100,N,4,250,3,6.49,7.79,0,10.39,1.3,1.3,1.3,3.9,NA,NA,NA,5217.9223,SVkd 1,16%,14.2%,99.8%,Least threatened,36771.7103,SVkd1,06 06 001,SV,SVkd,Kalahari Duneveld Bioregion,SVkd,Kalahari Duneveld Bioregion,1654,7,88,88,968,Moderately protected,pdf\SVkd_1_Gordonia_Duneveld.pdf,06 06 001 SVkd 1  Gordonia Duneveld,SVkd 1  Gordonia Duneveld,-25.99331,20.65285
Kgalagadi,KGA,KGA_B01,Erioloba dune street,street,Erioloba,4.7,47.8,18,1570,25,39.90494212962963,Southern Kalahari Mekgacha,Azonal Vegetation,2018-12-01T03:04:10Z,2019-01-10T00:47:17Z,78,2018-10-27,2019-01-13,Erioloba dune street,B01,-2915998.555,-40873.1462,White - Strobe,50,W,3,54,4,6.41,10.26,0,3.85,6.41,0,0,6.41,NA,NA,NA,2095.2359,AZi 3,24%,17.5%,98.3%,Least threatened,2181.2257,AZi3,10 06 003,AZ,AZi,Inland Saline Vegetation,AZi,Inland Saline Vegetation,870,11,28,28,1068,Moderately protected,pdf\AZi_3_Southern_Kalahari_Mekgacha.pdf,10 06 003 AZi 3  Southern Kalahari Mekgacha,AZi 3  Southern Kalahari Mekgacha,-26.35291,20.59052
Kgalagadi,KGA,KGA_B02,Erioloba dune crest,crest,Erioloba,4.3,20.5,55,1840,26,43.92030092592593,Auob Duneveld,Savanna Biome,2018-11-30T02:49:11Z,2019-01-13T00:54:25Z,78,2018-10-27,2019-01-13,Erioloba dune crest,B02,-2914777.91,-42683.9198,White - Strobe,80,SW,3,0,NA,5.13,5.13,0,5.13,23.08,0,0,3.85,NA,NA,NA,2345.0346,SVkd 3,16%,57.2%,99.8%,Least threatened,2882.3047,SVkd3,06 06 003,SV,SVkd,Kalahari Duneveld Bioregion,SVkd,Kalahari Duneveld Bioregion,1653,7,88,88,1709,Well protected,pdf\SVkd_3_Auob_Duneveld.pdf,06 06 003 SVkd 3  Auob Duneveld,SVkd 3  Auob Duneveld,-26.34184,20.57242
Kgalagadi,KGA,KGA_B03,Haemotoxylon dune crest,crest,Haemotoxylon,21.7,17.4,15,3860,10,34.59363425925926,Auob Duneveld,Savanna Biome,2018-12-03T16:13:04Z,2019-01-07T06:27:54Z,78,2018-10-27,2019-01-13,Haemotoxylon dune crest,B03,-2913586.81,-44635.7095,White - Strobe,40,N,0,0,NA,3.85,0,0,1.28,2.56,0,0,3.85,NA,NA,NA,2345.0346,SVkd 3,16%,57.2%,99.8%,Least threatened,2882.3047,SVkd3,06 06 003,SV,SVkd,Kalahari Duneveld Bioregion,SVkd,Kalahari Duneveld Bioregion,1653,7,88,88,1709,Well protected,pdf\SVkd_3_Auob_Duneveld.pdf,06 06 003 SVkd 3  Auob Duneveld,SVkd 3  Auob Duneveld,-26.33103,20.55291
Kgalagadi,KGA,KGA_B04,Erioloba dune crest,crest,Erioloba,8.7,23,82,3440,5,30.51662037037037,Auob Duneveld,Savanna Biome,2018-12-02T05:44:05Z,2019-01-01T18:08:01Z,78,2018-10-27,2019-01-13,Erioloba dune crest,B04,-2912281.423,-46460.4697,White - Strobe,40,W,0,0,NA,1.28,0,0,1.28,1.28,0,1.28,0,NA,NA,NA,2345.0346,SVkd 3,16%,57.2%,99.8%,Least threatened,2882.3047,SVkd3,06 06 003,SV,SVkd,Kalahari Duneveld Bioregion,SVkd,Kalahari Duneveld Bioregion,1653,7,88,88,1709,Well protected,pdf\SVkd_3_Auob_Duneveld.pdf,06 06 003 SVkd 3  Auob Duneveld,SVkd 3  Auob Duneveld,-26.31919,20.53468
Kgalagadi,KGA,KGA_B05,Erioloba dune street,street,Erioloba,4,10.8,17,1070,6,22.023877314814815,Auob Duneveld,Savanna Biome,2018-12-03T04:10:08Z,2018-12-25T04:44:31Z,78,2018-10-27,2019-01-13,Erioloba dune street,B05,-2911113.317,-48484.805,White - Strobe,40,E,0,30,NA,0,1.28,0,0,5.13,1.28,0,0,NA,NA,NA,2345.0346,SVkd 3,16%,57.2%,99.8%,Least threatened,2882.3047,SVkd3,06 06 003,SV,SVkd,Kalahari Duneveld Bioregion,SVkd,Kalahari Duneveld Bioregion,1653,7,88,88,1709,Well protected,pdf\SVkd_3_Auob_Duneveld.pdf,06 06 003 SVkd 3  Auob Duneveld,SVkd 3  Auob Duneveld,-26.30858,20.51445
Kgalagadi,KGA,KGA_B06,Boscia dune street,street,Boscia,4.3,24.5,43,1260,5,22.64028935185185,Auob Duneveld,Savanna Biome,2018-12-08T21:21:04Z,2018-12-31T12:43:05Z,78,2018-10-27,2019-01-13,Boscia dune street,B06,-2909260.342,-49821.069,White - Strobe,70,NE,3,0,NA,2.56,1.28,1.28,0,0,2.56,1.28,1.28,NA,NA,NA,2345.0346,SVkd 3,16%,57.2%,99.8%,Least threatened,2882.3047,SVkd3,06 06 003,SV,SVkd,Kalahari Duneveld Bioregion,SVkd,Kalahari Duneveld Bioregion,1653,7,88,88,1709,Well protected,pdf\SVkd_3_Auob_Duneveld.pdf,06 06 003 SVkd 3  Auob Duneveld,SVkd 3  Auob Duneveld,-26.29181,20.50114
Kgalagadi,KGA,KGA_B07,Boscia dune crest,crest,Boscia,5.3,14.5,8,3260,15,38.61788194444444,Auob Duneveld,Savanna Biome,2018-11-29T01:37:24Z,2019-01-06T16:27:09Z,78,2018-10-27,2019-01-13,Boscia dune crest,B07,-2907838.038,-51319.819,White - Strobe,60,NE,3,0,NA,7.69,3.85,0,5.13,1.28,0,2.56,7.69,NA,NA,NA,2345.0346,SVkd 3,16%,57.2%,99.8%,Least threatened,2882.3047,SVkd3,06 06 003,SV,SVkd,Kalahari Duneveld Bioregion,SVkd,Kalahari Duneveld Bioregion,1653,7,88,88,1709,Well protected,pdf\SVkd_3_Auob_Duneveld.pdf,06 06 003 SVkd 3  Auob Duneveld,SVkd 3  Auob Duneveld,-26.27892,20.48619
Kgalagadi,KGA,KGA_B08,Boscia dune street,street,Boscia,15.7,21.3,75,5240,3,24.231979166666665,Auob Duneveld,Savanna Biome,2018-12-19T15:32:29Z,2019-01-12T21:06:32Z,78,2018-10-27,2019-01-13,Boscia dune street,B08,-2905506.336,-51183.2164,White - Strobe,60,E,0,47,NA,2.56,1.28,0,0,0,0,1.28,2.56,NA,NA,NA,2345.0346,SVkd 3,16%,57.2%,99.8%,Least threatened,2882.3047,SVkd3,06 06 003,SV,SVkd,Kalahari Duneveld Bioregion,SVkd,Kalahari Duneveld Bioregion,1653,7,88,88,1709,Well protected,pdf\SVkd_3_Auob_Duneveld.pdf,06 06 003 SVkd 3  Auob Duneveld,SVkd 3  Auob Duneveld,-26.25788,20.48765
Kgalagadi,KGA,KGA_B09,Erioloba dune street,street,Erioloba,9.7,8.7,10,7340,60,44.69623842592593,Auob Duneveld,Savanna Biome,2018-11-29T08:53:31Z,2019-01-13T01:36:06Z,78,2018-10-27,2019-01-13,Erioloba dune street,B09,-2903329.877,-51356.6902,White - Strobe,40,N,0,21,3,0,2.56,0,6.41,64.1,3.85,20.51,0,NA,NA,NA,2345.0346,SVkd 3,16%,57.2%,99.8%,Least threatened,2882.3047,SVkd3,06 06 003,SV,SVkd,Kalahari Duneveld Bioregion,SVkd,Kalahari Duneveld Bioregion,1653,7,88,88,1709,Well protected,pdf\SVkd_3_Auob_Duneveld.pdf,06 06 003 SVkd 3  Auob Duneveld,SVkd 3  Auob Duneveld,-26.23823,20.486
Karoo,KAR,KAR_A01,Drainage line,NA,NA,27.7,31.1,60,NA,135,114.76503472222223,Gamka Karoo,Nama-Karoo Biome,2017-10-11T02:26:26Z,2018-02-02T20:48:05Z,92,2017-10-11,2018-01-11,Drainage line,A01,-3568865.904,-71357.4033,Strobe,60,N,0,82,2,0,0,0,17.39,26.09,58.7,0,0,NA,NA,NA,16993.0216,NKl 1,16%,1.9%,99.5%,Least threatened,20324.9068,NKl1,04 03 001,NK,NKl,Lower Karoo Bioregion,NKl,Lower Karoo Bioregion,306,3,65,65,12379,Poorly protected,pdf\NKl_1_Gamka_Karoo.pdf,04 03 001 NKl 1  Gamka Karoo,NKl 1  Gamka Karoo,-32.24134,22.24286
Karoo,KAR,KAR_A02,Plateau edge,NA,NA,7.3,8.4,1740,NA,90,119.68369212962963,Gamka Karoo,Nama-Karoo Biome,2017-10-07T12:20:50Z,2018-02-04T04:45:21Z,92,2017-10-11,2018-01-11,Plateau edge,A02,-3568915.107,-68527.6061,Strobe,60,SE,1,100,10,0,0,0,1.09,39.13,40.22,0,0,NA,NA,NA,16993.0216,NKl 1,16%,1.9%,99.5%,Least threatened,20324.9068,NKl1,04 03 001,NK,NKl,Lower Karoo Bioregion,NKl,Lower Karoo Bioregion,306,3,65,65,12379,Poorly protected,pdf\NKl_1_Gamka_Karoo.pdf,04 03 001 NKl 1  Gamka Karoo,NKl 1  Gamka Karoo,-32.24196,22.27288
Karoo,KAR,KAR_B01,Dry river,NA,NA,12.7,8.2,125,NA,34,26.68380787037037,Gamka Karoo,Nama-Karoo Biome,2017-10-05T16:25:04Z,2017-11-01T08:49:45Z,21,2017-10-11,2017-11-01,Dry river bed,B01,-3570557.193,-70732.935,Strobe,70,SE,2,62,3,9.52,0,0,0,9.52,14.29,14.29,9.52,NA,NA,NA,16993.0216,NKl 1,16%,1.9%,99.5%,Least threatened,20324.9068,NKl1,04 03 001,NK,NKl,Lower Karoo Bioregion,NKl,Lower Karoo Bioregion,306,3,65,65,12379,Poorly protected,pdf\NKl_1_Gamka_Karoo.pdf,04 03 001 NKl 1  Gamka Karoo,NKl 1  Gamka Karoo,-32.25663,22.24936
Karoo,KAR,KAR_B02,Drainage line,NA,NA,27.7,16.9,95,NA,195,123.16208333333333,Gamka Karoo,Nama-Karoo Biome,2017-10-05T23:06:36Z,2018-02-06T03:00:00Z,92,2017-10-11,2018-01-11,Drainage line,B02,-3571087.376,-68488.3939,Strobe,70,SE,3,56,1,8.7,2.17,0,23.91,20.65,22.83,0,7.61,NA,NA,NA,16993.0216,NKl 1,16%,1.9%,99.5%,Least threatened,20324.9068,NKl1,04 03 001,NK,NKl,Lower Karoo Bioregion,NKl,Lower Karoo Bioregion,306,3,65,65,12379,Poorly protected,pdf\NKl_1_Gamka_Karoo.pdf,04 03 001 NKl 1  Gamka Karoo,NKl 1  Gamka Karoo,-32.26155,22.27314
Karoo,KAR,KAR_B03,Drainage line,NA,NA,30.3,27.8,30,NA,194,122.61944444444444,Gamka Karoo,Nama-Karoo Biome,2017-10-05T10:39:39Z,2018-02-05T01:31:39Z,92,2017-10-11,2018-01-11,Drainage line,B03,-3570910.485,-66408.9298,Strobe,60,SW,3,40,1,10.87,1.09,0,19.57,44.57,107.61,0,10.87,NA,NA,NA,16993.0216,NKl 1,16%,1.9%,99.5%,Least threatened,20324.9068,NKl1,04 03 001,NK,NKl,Lower Karoo Bioregion,NKl,Lower Karoo Bioregion,306,3,65,65,12379,Poorly protected,pdf\NKl_1_Gamka_Karoo.pdf,04 03 001 NKl 1  Gamka Karoo,NKl 1  Gamka Karoo,-32.26008,22.29522
Karoo,KAR,KAR_C02,Drainage line,NA,NA,8.7,21.1,128,NA,81,118.70979166666666,Gamka Karoo,Nama-Karoo Biome,2017-10-06T05:07:49Z,2018-02-01T22:09:55Z,92,2017-10-11,2018-01-11,Drainage line,C02,-3573314.431,-69002.7731,Strobe,70,NE,1,120,1,3.26,0,0,21.74,15.22,19.57,1.09,2.17,NA,NA,NA,16993.0216,NKl 1,16%,1.9%,99.5%,Least threatened,20324.9068,NKl1,04 03 001,NK,NKl,Lower Karoo Bioregion,NKl,Lower Karoo Bioregion,306,3,65,65,12379,Poorly protected,pdf\NKl_1_Gamka_Karoo.pdf,04 03 001 NKl 1  Gamka Karoo,NKl 1  Gamka Karoo,-32.2816,22.26752
Karoo,KAR,KAR_C03,Drainage line,NA,NA,9.3,9.5,582,NA,25,99.26847222222223,Gamka Karoo,Nama-Karoo Biome,2017-10-13T08:16:22Z,2018-01-20T14:42:58Z,92,2017-10-11,2018-01-11,Drainage line in ravine,C03,-3572846.919,-66089.0728,Strobe,NA,NW,3,16,1,0,3.26,1.09,0,4.35,7.61,0,0,NA,NA,NA,16993.0216,NKl 1,16%,1.9%,99.5%,Least threatened,20324.9068,NKl1,04 03 001,NK,NKl,Lower Karoo Bioregion,NKl,Lower Karoo Bioregion,306,3,65,65,12379,Poorly protected,pdf\NKl_1_Gamka_Karoo.pdf,04 03 001 NKl 1  Gamka Karoo,NKl 1  Gamka Karoo,-32.27756,22.29848
Karoo,KAR,KAR_D01,Dry river,NA,NA,9.3,12.3,230,NA,80,116.70599537037037,Gamka Karoo,Nama-Karoo Biome,2017-10-04T16:16:21Z,2018-01-29T09:12:59Z,92,2017-10-11,2018-01-11,Dry river bank,D01,-3575429.166,-71217.843,Strobe,70,NW,1,1500,2,2.17,1.09,0,10.87,15.22,41.3,3.26,0,NA,NA,NA,16993.0216,NKl 1,16%,1.9%,99.5%,Least threatened,20324.9068,NKl1,04 03 001,NK,NKl,Lower Karoo Bioregion,NKl,Lower Karoo Bioregion,306,3,65,65,12379,Poorly protected,pdf\NKl_1_Gamka_Karoo.pdf,04 03 001 NKl 1  Gamka Karoo,NKl 1  Gamka Karoo,-32.30053,22.24385
Karoo,KAR,KAR_D03,Drainage line,NA,NA,73.3,97.7,151,NA,50,122.74418981481482,Gamka Karoo,Nama-Karoo Biome,2017-10-07T10:29:16Z,2018-02-07T04:20:54Z,92,2017-10-11,2018-01-11,Drainage line,D03,-3575088.897,-66362.6413,Strobe,80,SW,2,61,1,0,0,0,6.52,14.13,13.04,1.09,0,NA,NA,NA,16993.0216,NKl 1,16%,1.9%,99.5%,Least threatened,20324.9068,NKl1,04 03 001,NK,NKl,Lower Karoo Bioregion,NKl,Lower Karoo Bioregion,306,3,65,65,12379,Poorly protected,pdf\NKl_1_Gamka_Karoo.pdf,04 03 001 NKl 1  Gamka Karoo,NKl 1  Gamka Karoo,-32.29776,22.29542
Karoo,KAR,KAR_D04,Drainage line,NA,NA,10.3,12.4,40,NA,92,97.59311342592592,Gamka Karoo,Nama-Karoo Biome,2017-11-01T02:17:39Z,2018-02-06T16:31:44Z,92,2017-10-11,2018-01-11,Drainage line,D04,-3575440.667,-63990.5085,Strobe,50,SE,3,230,3,5.43,1.09,1.09,4.35,35.87,15.22,9.78,5.43,NA,NA,NA,16993.0216,NKl 1,16%,1.9%,99.5%,Least threatened,20324.9068,NKl1,04 03 001,NK,NKl,Lower Karoo Bioregion,NKl,Lower Karoo Bioregion,306,3,65,65,12379,Poorly protected,pdf\NKl_1_Gamka_Karoo.pdf,04 03 001 NKl 1  Gamka Karoo,NKl 1  Gamka Karoo,-32.30107,22.32058
Karoo,KAR,KAR_E01,Dry river,NA,NA,4,16.6,39,NA,125,116.14358796296297,Gamka Karoo,Nama-Karoo Biome,2017-10-04T13:41:56Z,2018-01-28T17:08:42Z,92,2017-10-11,2018-01-11,Dry river bed,E01,-3577387.746,-70910.2053,Strobe,90,NE,1,400,4,0,0,0,10.87,4.35,73.91,0,0,NA,NA,NA,16993.0216,NKl 1,16%,1.9%,99.5%,Least threatened,20324.9068,NKl1,04 03 001,NK,NKl,Lower Karoo Bioregion,NKl,Lower Karoo Bioregion,306,3,65,65,12379,Poorly protected,pdf\NKl_1_Gamka_Karoo.pdf,04 03 001 NKl 1  Gamka Karoo,NKl 1  Gamka Karoo,-32.31821,22.24697
Karoo,KAR,KAR_E02,Drainage line,NA,NA,6.7,127.5,400,NA,48,93.30791666666667,Gamka Karoo,Nama-Karoo Biome,2017-10-06T14:37:05Z,2018-01-07T22:00:29Z,89,2017-10-11,2018-01-08,Drainage line,E02,-3577568.479,-69146.9855,Strobe,100,SE,3,100,5,1.12,0,0,51.69,11.24,20.22,3.37,1.12,NA,NA,NA,16993.0216,NKl 1,16%,1.9%,99.5%,Least threatened,20324.9068,NKl1,04 03 001,NK,NKl,Lower Karoo Bioregion,NKl,Lower Karoo Bioregion,306,3,65,65,12379,Poorly protected,pdf\NKl_1_Gamka_Karoo.pdf,04 03 001 NKl 1  Gamka Karoo,NKl 1  Gamka Karoo,-32.31995,22.26568
Karoo,KAR,KAR_E03,Floodplain,NA,NA,6.7,5,175,NA,89,121.55325231481481,Gamka Karoo,Nama-Karoo Biome,2017-10-06T02:24:40Z,2018-02-04T15:41:21Z,92,2017-10-11,2018-01-11,Floodplain,E03,-3577074.794,-66311.9187,Strobe,60,W,3,250,10,6.52,1.09,0,11.96,18.48,20.65,0,6.52,NA,NA,NA,16993.0216,NKl 1,16%,1.9%,99.5%,Least threatened,20324.9068,NKl1,04 03 001,NK,NKl,Lower Karoo Bioregion,NKl,Lower Karoo Bioregion,306,3,65,65,12379,Poorly protected,pdf\NKl_1_Gamka_Karoo.pdf,04 03 001 NKl 1  Gamka Karoo,NKl 1  Gamka Karoo,-32.31567,22.29582
Karoo,KAR,KAR_F02,Drainage line,NA,NA,6,6.1,355,NA,7,5.929074074074074,Gamka Karoo,Nama-Karoo Biome,2017-10-10T18:07:10Z,2017-10-16T16:25:02Z,21,2017-10-11,2017-11-01,Drainage line,F02,-3579958.035,-68930.0687,Strobe,40,SE,3,15,4,0,0,0,0,0,19.05,0,0,NA,NA,NA,16993.0216,NKl 1,16%,1.9%,99.5%,Least threatened,20324.9068,NKl1,04 03 001,NK,NKl,Lower Karoo Bioregion,NKl,Lower Karoo Bioregion,306,3,65,65,12379,Poorly protected,pdf\NKl_1_Gamka_Karoo.pdf,04 03 001 NKl 1  Gamka Karoo,NKl 1  Gamka Karoo,-32.34151,22.26781
Madikwe,MAD,MAD_F03,Dicrostachys hill side,NA,NA,3.3,3.9,36,NA,98,208.95099537037038,Madikwe Dolomite Bushveld,Savanna Biome,2018-06-26T05:09:06Z,2019-01-21T03:58:32Z,92,2018-06-14,2018-09-14,Dicrostachys hill side,F03,-2741121.669,-81327.4066,Black flash,NA,W,2,NA,NA,0,1.09,0,0,6.52,41.3,0,0,NA,NA,NA,930.4927,SVcb 2,19%,17.2%,98.9%,Least threatened,974.2953,SVcb2,06 01 002,SV,SVcb,Central Bushveld Bioregion,SVcb,Central Bushveld Bioregion,8043,7,6,6,820,Moderately protected,pdf\SVcb_2_Madikwe_Dolomite_Bushveld.pdf,06 01 002 SVcb 2  Madikwe Dolomite Bushveld,SVcb 2  Madikwe Dolomite Bushveld,-24.77276,26.19587
Madikwe,MAD,MAD_F04,Hill side,NA,NA,5.3,3.6,34,NA,120,214.54813657407408,Madikwe Dolomite Bushveld,Savanna Biome,2018-06-14T16:01:22Z,2019-01-15T05:10:41Z,85,2018-06-14,2018-09-07,Hill side,F04,-2740677.51,-79240.3025,Black flash,NA,NE,3,NA,NA,2.35,0,0,1.18,22.35,83.53,0,0,NA,NA,NA,930.4927,SVcb 2,19%,17.2%,98.9%,Least threatened,974.2953,SVcb2,06 01 002,SV,SVcb,Central Bushveld Bioregion,SVcb,Central Bushveld Bioregion,8043,7,6,6,820,Moderately protected,pdf\SVcb_2_Madikwe_Dolomite_Bushveld.pdf,06 01 002 SVcb 2  Madikwe Dolomite Bushveld,SVcb 2  Madikwe Dolomite Bushveld,-24.76886,26.21653
Madikwe,MAD,MAD_F05,Dense Combretum,NA,NA,2.3,3.2,13,NA,60,222.71912037037038,Madikwe Dolomite Bushveld,Savanna Biome,2018-06-17T11:14:34Z,2019-01-26T04:30:06Z,26,2018-06-14,2018-07-10,Dense Combretum,F05,-2740934.107,-77208.8428,Black flash,NA,N,2,NA,NA,0,0,7.69,0,0,7.69,0,0,NA,NA,NA,930.4927,SVcb 2,19%,17.2%,98.9%,Least threatened,974.2953,SVcb2,06 01 002,SV,SVcb,Central Bushveld Bioregion,SVcb,Central Bushveld Bioregion,8043,7,6,6,820,Moderately protected,pdf\SVcb_2_Madikwe_Dolomite_Bushveld.pdf,06 01 002 SVcb 2  Madikwe Dolomite Bushveld,SVcb 2  Madikwe Dolomite Bushveld,-24.77128,26.2366
Madikwe,MAD,MAD_G04,Hill plateau; Combretum mix Acacia,NA,NA,1.7,1.4,7,NA,155,219.99814814814815,Madikwe Dolomite Bushveld,Savanna Biome,2018-06-19T22:26:36Z,2019-01-25T22:23:56Z,92,2018-06-14,2018-09-14,Hill plateau; Combretum mix Acacia,G04,-2742896.621,-78885.7599,Black flash,NA,NW,1,NA,NA,1.09,0,0,2.17,6.52,9.78,0,1.09,NA,NA,NA,930.4927,SVcb 2,19%,17.2%,98.9%,Least threatened,974.2953,SVcb2,06 01 002,SV,SVcb,Central Bushveld Bioregion,SVcb,Central Bushveld Bioregion,8043,7,6,6,820,Moderately protected,pdf\SVcb_2_Madikwe_Dolomite_Bushveld.pdf,06 01 002 SVcb 2  Madikwe Dolomite Bushveld,SVcb 2  Madikwe Dolomite Bushveld,-24.78891,26.21991
Madikwe,MAD,MAD_G05,Combretum & Dicrostachys veld,NA,NA,7,4.8,31,NA,192,225.82893518518517,Madikwe Dolomite Bushveld,Savanna Biome,2018-06-14T16:27:51Z,2019-01-26T12:21:31Z,92,2018-06-14,2018-09-14,Combretum & Dicrostachys veld,G05,-2742582.686,-76843.6478,Black flash,NA,SSW,1,NA,NA,0,2.17,0,0,27.17,91.3,0,0,NA,NA,NA,930.4927,SVcb 2,19%,17.2%,98.9%,Least threatened,974.2953,SVcb2,06 01 002,SV,SVcb,Central Bushveld Bioregion,SVcb,Central Bushveld Bioregion,8043,7,6,6,820,Moderately protected,pdf\SVcb_2_Madikwe_Dolomite_Bushveld.pdf,06 01 002 SVcb 2  Madikwe Dolomite Bushveld,SVcb 2  Madikwe Dolomite Bushveld,-24.78618,26.24012
Madikwe,MAD,MAD_G06,Dicrostachys & Digitaria,NA,NA,3.3,3.6,22,NA,90,212.7925462962963,Madikwe Dolomite Bushveld,Savanna Biome,2018-06-17T04:50:24Z,2019-01-15T23:51:40Z,86,2018-06-14,2018-09-08,Dicrostachys & Digitaria,G06,-2742900.594,-74614.9886,Black flash,NA,NW,1,NA,NA,0,0,4.65,10.47,16.28,18.6,0,0,NA,NA,NA,930.4927,SVcb 2,19%,17.2%,98.9%,Least threatened,974.2953,SVcb2,06 01 002,SV,SVcb,Central Bushveld Bioregion,SVcb,Central Bushveld Bioregion,8043,7,6,6,820,Moderately protected,pdf\SVcb_2_Madikwe_Dolomite_Bushveld.pdf,06 01 002 SVcb 2  Madikwe Dolomite Bushveld,SVcb 2  Madikwe Dolomite Bushveld,-24.78916,26.26214
Madikwe,MAD,MAD_G07,Combretum mixed grassland,NA,NA,7,5,26,NA,98,225.3000810185185,Madikwe Dolomite Bushveld,Savanna Biome,2018-06-15T15:42:26Z,2019-01-26T22:54:33Z,92,2018-06-14,2018-09-14,Combretum mixed grassland,G07,-2743291.073,-72636.8586,Black flash,NA,W,2,NA,NA,0,0,0,7.61,14.13,15.22,0,0,NA,NA,NA,930.4927,SVcb 2,19%,17.2%,98.9%,Least threatened,974.2953,SVcb2,06 01 002,SV,SVcb,Central Bushveld Bioregion,SVcb,Central Bushveld Bioregion,8043,7,6,6,820,Moderately protected,pdf\SVcb_2_Madikwe_Dolomite_Bushveld.pdf,06 01 002 SVcb 2  Madikwe Dolomite Bushveld,SVcb 2  Madikwe Dolomite Bushveld,-24.79278,26.28168
Madikwe,MAD,MAD_G08,Dicrostachys thicket,NA,NA,5.3,4.3,41,NA,153,195.44628472222223,Madikwe Dolomite Bushveld,Savanna Biome,2018-06-16T23:52:30Z,2018-12-29T10:35:09Z,83,2018-06-14,2018-09-05,Dicrostachys thicket,G08,-2743002.53,-70396.3556,Black flash,NA,SE,4,NA,NA,0,2.41,0,0,89.16,78.31,0,0,NA,NA,NA,930.4927,SVcb 2,19%,17.2%,98.9%,Least threatened,974.2953,SVcb2,06 01 002,SV,SVcb,Central Bushveld Bioregion,SVcb,Central Bushveld Bioregion,8043,7,6,6,820,Moderately protected,pdf\SVcb_2_Madikwe_Dolomite_Bushveld.pdf,06 01 002 SVcb 2  Madikwe Dolomite Bushveld,SVcb 2  Madikwe Dolomite Bushveld,-24.79028,26.30385
Madikwe,MAD,MAD_H04,"Rocky, Combretum veld",NA,NA,3.3,2.4,525,NA,47,202.4845486111111,Madikwe Dolomite Bushveld,Savanna Biome,2018-06-16T00:21:15Z,2019-01-04T11:59:00Z,81,2018-06-14,2018-09-03,"Rocky, Combretum veld",H04,-2745164.865,-78986.0543,Black flash,NA,SE,3,NA,NA,0,0,0,3.7,6.17,12.35,0,0,NA,NA,NA,930.4927,SVcb 2,19%,17.2%,98.9%,Least threatened,974.2953,SVcb2,06 01 002,SV,SVcb,Central Bushveld Bioregion,SVcb,Central Bushveld Bioregion,8043,7,6,6,820,Moderately protected,pdf\SVcb_2_Madikwe_Dolomite_Bushveld.pdf,06 01 002 SVcb 2  Madikwe Dolomite Bushveld,SVcb 2  Madikwe Dolomite Bushveld,-24.80938,26.21879
Madikwe,MAD,MAD_H05,"Combretum, Dicrostachus veld",NA,NA,1.3,2,576,NA,92,185.0376736111111,Madikwe Dolomite Bushveld,Savanna Biome,2018-06-14T10:45:26Z,2018-12-16T11:39:41Z,77,2018-06-14,2018-08-30,"Combretum, Dicrostachus veld",H05,-2745145.604,-76749.5105,Black flash,NA,S,1,NA,NA,1.3,1.3,0,9.09,19.48,35.06,0,0,NA,NA,NA,930.4927,SVcb 2,19%,17.2%,98.9%,Least threatened,974.2953,SVcb2,06 01 002,SV,SVcb,Central Bushveld Bioregion,SVcb,Central Bushveld Bioregion,8043,7,6,6,820,Moderately protected,pdf\SVcb_2_Madikwe_Dolomite_Bushveld.pdf,06 01 002 SVcb 2  Madikwe Dolomite Bushveld,SVcb 2  Madikwe Dolomite Bushveld,-24.80932,26.24091
Madikwe,MAD,MAD_H06,"Combretum, Dicrostachus veld",NA,NA,5.3,4.1,673,NA,74,216.1615277777778,Dwaalboom Thornveld,Savanna Biome,2018-06-17T08:37:09Z,2019-01-19T12:29:45Z,86,2018-06-14,2018-09-08,"Combretum, Dicrostachus veld",H06,-2745124.527,-74520.0618,Black flash,NA,N,4,NA,NA,0,0,0,0,16.28,8.14,0,0,NA,NA,NA,6294.5543,SVcb 1,19%,6.1%,85.8%,Least threatened,9668.952,SVcb1,06 01 001,SV,SVcb,Central Bushveld Bioregion,SVcb,Central Bushveld Bioregion,8041,7,6,6,811,Poorly protected,pdf\SVcb_1_Dwaalboom_Thornveld.pdf,06 01 001 SVcb 1  Dwaalboom Thornveld,SVcb 1  Dwaalboom Thornveld,-24.80924,26.26296
Madikwe,MAD,MAD_H07,"Combretum, Aristida veld",NA,NA,4.7,3.2,18,NA,32,203.27083333333334,Madikwe Dolomite Bushveld,Savanna Biome,2018-06-15T00:26:17Z,2019-01-04T06:56:17Z,28,2018-06-14,2018-07-12,"Combretum, Aristida veld",H07,-2745357.386,-72481.4015,Black flash,NA,NNE,2,NA,NA,0,0,0,0,3.57,32.14,0,0,NA,NA,NA,930.4927,SVcb 2,19%,17.2%,98.9%,Least threatened,974.2953,SVcb2,06 01 002,SV,SVcb,Central Bushveld Bioregion,SVcb,Central Bushveld Bioregion,8043,7,6,6,820,Moderately protected,pdf\SVcb_2_Madikwe_Dolomite_Bushveld.pdf,06 01 002 SVcb 2  Madikwe Dolomite Bushveld,SVcb 2  Madikwe Dolomite Bushveld,-24.81144,26.28311
Madikwe,MAD,MAD_H08,"Wag 'n Bietjie, Combretum",NA,NA,3.3,4,20,NA,291,213.55081018518518,Dwaalboom Thornveld,Savanna Biome,2018-06-14T12:38:44Z,2019-01-14T01:51:54Z,92,2018-06-14,2018-09-14,"Wag 'n Bietjie, Combretum",H08,-2745455.008,-70149.2796,Black flash,NA,SE,2,NA,NA,10.87,10.87,1.09,10.87,15.22,21.74,4.35,4.35,NA,NA,NA,6294.5543,SVcb 1,19%,6.1%,85.8%,Least threatened,9668.952,SVcb1,06 01 001,SV,SVcb,Central Bushveld Bioregion,SVcb,Central Bushveld Bioregion,8041,7,6,6,811,Poorly protected,pdf\SVcb_1_Dwaalboom_Thornveld.pdf,06 01 001 SVcb 1  Dwaalboom Thornveld,SVcb 1  Dwaalboom Thornveld,-24.81243,26.30617
Madikwe,MAD,MAD_H09,"C. imbrebre, Grewia shrubland",NA,NA,5,5.1,31,NA,48,204.04023148148147,Madikwe Dolomite Bushveld,Savanna Biome,2018-06-16T01:58:50Z,2019-01-06T02:56:46Z,88,2018-06-13,2018-09-09,"C. imbrebre, Grewia shrubland",H09,-2745341.48,-68050.7958,Black flash,NA,N ,2,NA,NA,3.41,1.14,0,4.55,0,5.68,0,1.14,NA,NA,NA,930.4927,SVcb 2,19%,17.2%,98.9%,Least threatened,974.2953,SVcb2,06 01 002,SV,SVcb,Central Bushveld Bioregion,SVcb,Central Bushveld Bioregion,8043,7,6,6,820,Moderately protected,pdf\SVcb_2_Madikwe_Dolomite_Bushveld.pdf,06 01 002 SVcb 2  Madikwe Dolomite Bushveld,SVcb 2  Madikwe Dolomite Bushveld,-24.8115,26.32693
Madikwe,MAD,MAD_I04,"Combretum, Ziziphus, Grewia",NA,NA,5,2.4,333,NA,252,219.34693287037038,Dwaalboom Thornveld,Savanna Biome,2018-06-13T21:09:56Z,2019-01-19T05:29:31Z,89,2018-06-13,2018-09-10,"Combretum, Ziziphus, Grewia",I04,-2747416.688,-79311.8448,Black flash,NA,SSE,2,NA,NA,0,0,0,14.61,61.8,39.33,0,0,NA,NA,NA,6294.5543,SVcb 1,19%,6.1%,85.8%,Least threatened,9668.952,SVcb1,06 01 001,SV,SVcb,Central Bushveld Bioregion,SVcb,Central Bushveld Bioregion,8041,7,6,6,811,Poorly protected,pdf\SVcb_1_Dwaalboom_Thornveld.pdf,06 01 001 SVcb 1  Dwaalboom Thornveld,SVcb 1  Dwaalboom Thornveld,-24.82969,26.21544
Madikwe,MAD,MAD_I05,"Ziziphus, grassy plains",NA,NA,10.7,10,4.7,NA,138,217.91122685185186,Dwaalboom Thornveld,Savanna Biome,2018-06-15T00:10:48Z,2019-01-18T22:02:58Z,94,2018-06-13,2018-09-15,"Ziziphus, grassy plains",I05,-2747165.693,-77050.6735,Black flash,NA,SE,1,NA,NA,1.06,0,0,2.13,96.81,75.53,0,1.06,NA,NA,NA,6294.5543,SVcb 1,19%,6.1%,85.8%,Least threatened,9668.952,SVcb1,06 01 001,SV,SVcb,Central Bushveld Bioregion,SVcb,Central Bushveld Bioregion,8041,7,6,6,811,Poorly protected,pdf\SVcb_1_Dwaalboom_Thornveld.pdf,06 01 001 SVcb 1  Dwaalboom Thornveld,SVcb 1  Dwaalboom Thornveld,-24.82754,26.23782
Madikwe,MAD,MAD_I06,"Ziziphus, grassy plains",NA,NA,10.7,5.7,138,NA,159,226.0125462962963,Dwaalboom Thornveld,Savanna Biome,2018-06-14T06:10:50Z,2019-01-26T06:28:54Z,93,2018-06-13,2018-09-14,"Ziziphus, grassy plains",I06,-2746924.559,-74700.4116,Black flash,NA,SSW,2,NA,NA,0,2.15,0,2.15,109.68,58.06,1.08,0,NA,NA,NA,6294.5543,SVcb 1,19%,6.1%,85.8%,Least threatened,9668.952,SVcb1,06 01 001,SV,SVcb,Central Bushveld Bioregion,SVcb,Central Bushveld Bioregion,8041,7,6,6,811,Poorly protected,pdf\SVcb_1_Dwaalboom_Thornveld.pdf,06 01 001 SVcb 1  Dwaalboom Thornveld,SVcb 1  Dwaalboom Thornveld,-24.82548,26.26108
Madikwe,MAD,MAD_I07,Grassland,NA,NA,6,5.3,22,NA,41,202.29775462962962,Dwaalboom Thornveld,Savanna Biome,2018-06-19T16:24:24Z,2019-01-07T23:33:10Z,65,2018-06-13,2018-08-17,Grassland,I07,-2747076.537,-72455.1852,Black flash,NA,NE,3,NA,NA,0,3.08,0,9.23,6.15,21.54,0,0,NA,NA,NA,6294.5543,SVcb 1,19%,6.1%,85.8%,Least threatened,9668.952,SVcb1,06 01 001,SV,SVcb,Central Bushveld Bioregion,SVcb,Central Bushveld Bioregion,8041,7,6,6,811,Poorly protected,pdf\SVcb_1_Dwaalboom_Thornveld.pdf,06 01 001 SVcb 1  Dwaalboom Thornveld,SVcb 1  Dwaalboom Thornveld,-24.82696,26.28328
Madikwe,MAD,MAD_I08,Grassland,NA,NA,10,6,20,NA,193,221.35725694444446,Dwaalboom Thornveld,Savanna Biome,2018-06-13T14:19:28Z,2019-01-20T22:53:55Z,89,2018-06-13,2018-09-10,Grassland,I08,-2747689.96,-70039.8562,Black flash,NA,E,3,NA,NA,2.25,0,0,0,4.49,28.09,0,0,NA,NA,NA,6294.5543,SVcb 1,19%,6.1%,85.8%,Least threatened,9668.952,SVcb1,06 01 001,SV,SVcb,Central Bushveld Bioregion,SVcb,Central Bushveld Bioregion,8041,7,6,6,811,Poorly protected,pdf\SVcb_1_Dwaalboom_Thornveld.pdf,06 01 001 SVcb 1  Dwaalboom Thornveld,SVcb 1  Dwaalboom Thornveld,-24.83261,26.30714
Madikwe,MAD,MAD_I09,Moderate dense shrubland,NA,NA,3,2.8,14,NA,52,188.61570601851852,Dwaalboom Thornveld,Savanna Biome,2018-07-11T14:17:23Z,2019-01-16T05:04:00Z,93,2018-06-13,2018-09-14,Moderate dense shrubland,I09,-2747189.899,-67956.7591,Black flash,NA,SW,3,NA,NA,0,0,0,6.45,2.15,2.15,0,0,NA,NA,NA,6294.5543,SVcb 1,19%,6.1%,85.8%,Least threatened,9668.952,SVcb1,06 01 001,SV,SVcb,Central Bushveld Bioregion,SVcb,Central Bushveld Bioregion,8041,7,6,6,811,Poorly protected,pdf\SVcb_1_Dwaalboom_Thornveld.pdf,06 01 001 SVcb 1  Dwaalboom Thornveld,SVcb 1  Dwaalboom Thornveld,-24.82819,26.32777
Mountain Zebra,MTZ,MTZ_B04,Drainage below seasonal dam,NA,NA,11.3,42.3,440,NA,250,314.0861111111111,Karoo Escarpment Grassland,Grassland Biome,2017-08-24T10:18:04Z,2018-07-04T12:22:04Z,93,2017-08-23,2017-11-24,Drainage below seasonal dam,B04,-3562278.535,38943.1628,Strobe - White,60,SW,2,50,1,8.6,0,0,36.56,1.08,193.55,0,5.38,NA,NA,NA,3632.6354,Gh 1,24%,2.9% (+3.5%),98.9%,Least threatened,8378.3019,Gh1,05 02 001,G,Gh,Dry Highveld Grassland Bioregion,Gh,Dry Highveld Grassland Bioregion,888,6,10,10,11790,Poorly protected,pdf\Gh_1_Karoo_Escarpment_Grassland.pdf,05 02 001 Gh 1  Karoo Escarpment Grassland,Gh 1  Karoo Escarpment Grassland,-32.18353,25.41295
Mountain Zebra,MTZ,MTZ_B05,Open grassland,NA,NA,37.7,194.9,456,NA,211,243.54011574074073,Karoo Escarpment Grassland,Grassland Biome,2017-09-01T20:26:08Z,2018-05-03T09:23:54Z,13,2017-08-23,2017-09-05,Open grassland,B05,-3565021.557,39107.9923,Strobe - White,50,SE,0,156,2,0,0,0,38.46,0,23.08,7.69,0,NA,NA,NA,3632.6354,Gh 1,24%,2.9% (+3.5%),98.9%,Least threatened,8378.3019,Gh1,05 02 001,G,Gh,Dry Highveld Grassland Bioregion,Gh,Dry Highveld Grassland Bioregion,888,6,10,10,11790,Poorly protected,pdf\Gh_1_Karoo_Escarpment_Grassland.pdf,05 02 001 Gh 1  Karoo Escarpment Grassland,Gh 1  Karoo Escarpment Grassland,-32.20826,25.41481
Mountain Zebra,MTZ,MTZ_C04,Open grassland plato,NA,NA,72.3,39.3,230,NA,21,303.96910879629627,Karoo Escarpment Grassland,Grassland Biome,2017-08-26T08:40:27Z,2018-06-26T07:55:58Z,14,2017-08-23,2017-09-06,Open grassland plato,C04,-3562477.949,40867.1663,Strobe - White,70,SW,0,75,1,0,0,0,0,0,0,0,0,NA,NA,NA,3632.6354,Gh 1,24%,2.9% (+3.5%),98.9%,Least threatened,8378.3019,Gh1,05 02 001,G,Gh,Dry Highveld Grassland Bioregion,Gh,Dry Highveld Grassland Bioregion,888,6,10,10,11790,Poorly protected,pdf\Gh_1_Karoo_Escarpment_Grassland.pdf,05 02 001 Gh 1  Karoo Escarpment Grassland,Gh 1  Karoo Escarpment Grassland,-32.18526,25.43336
Mountain Zebra,MTZ,MTZ_C06,Hillside,NA,NA,4.7,6,7,NA,139,324.1441087962963,Karoo Escarpment Grassland,Grassland Biome,2017-08-23T07:22:49Z,2018-07-13T10:50:20Z,62,2017-08-23,2017-10-24,Hillside,C06,-3567520.007,41073.06,Strobe - White,80,W,2,0,1,41.94,51.61,1.61,0,8.06,51.61,0,41.94,NA,NA,NA,3632.6354,Gh 1,24%,2.9% (+3.5%),98.9%,Least threatened,8378.3019,Gh1,05 02 001,G,Gh,Dry Highveld Grassland Bioregion,Gh,Dry Highveld Grassland Bioregion,888,6,10,10,11790,Poorly protected,pdf\Gh_1_Karoo_Escarpment_Grassland.pdf,05 02 001 Gh 1  Karoo Escarpment Grassland,Gh 1  Karoo Escarpment Grassland,-32.23072,25.43576
Mountain Zebra,MTZ,MTZ_C07,Mountane grassland; steep gradient,NA,NA,7,10.6,150,NA,58,308.80350694444445,Karoo Escarpment Grassland,Grassland Biome,2017-09-03T09:25:32Z,2018-07-09T04:42:35Z,92,2017-08-24,2017-11-24,Mountane grassland; steep gradient,C07,-3570390.768,41001.1029,Strobe - White,50,SW,0,0,1,0,0,0,6.52,0,18.48,0,0,NA,NA,NA,3632.6354,Gh 1,24%,2.9% (+3.5%),98.9%,Least threatened,8378.3019,Gh1,05 02 001,G,Gh,Dry Highveld Grassland Bioregion,Gh,Dry Highveld Grassland Bioregion,888,6,10,10,11790,Poorly protected,pdf\Gh_1_Karoo_Escarpment_Grassland.pdf,05 02 001 Gh 1  Karoo Escarpment Grassland,Gh 1  Karoo Escarpment Grassland,-32.25661,25.43512
Mountain Zebra,MTZ,MTZ_D04,Floodplain above riverine,NA,NA,16.3,7.8,35,NA,165,326.1105439814815,Eastern Upper Karoo,Nama-Karoo Biome,2017-08-23T13:59:35Z,2018-07-15T16:38:46Z,37,2017-08-23,2017-09-29,Floodplain above riverine,D04,-3562454.984,42826.9321,Strobe - White,40,NW,1,126,2,24.32,10.81,0,51.35,10.81,278.38,0,24.32,NA,NA,NA,173.6907,NKu 4,21%,0.7%,98.1%,Least threatened,49821.3186,NKu4,04 02 004,NK,NKu,Upper Karoo Bioregion,NKu,Upper Karoo Bioregion,858,3,64,64,12342,Hardly protected,pdf\NKu_4_Eastern_Upper_Karoo.pdf,04 02 004 NKu 4  Eastern Upper Karoo,NKu 4  Eastern Upper Karoo,-32.18498,25.45414
Mountain Zebra,MTZ,MTZ_D05,Riverine,NA,NA,10.3,4.9,108,NA,28,37.833958333333335,Karoo Escarpment Grassland,Grassland Biome,2017-08-24T07:19:55Z,2017-10-01T03:20:49Z,39,2017-08-23,2017-10-01,Riverine,D05,-3565297.507,43162.8179,Strobe - White,70,S,1,53,1,10.26,0,2.56,15.38,0,43.59,0,10.26,NA,NA,NA,3632.6354,Gh 1,24%,2.9% (+3.5%),98.9%,Least threatened,8378.3019,Gh1,05 02 001,G,Gh,Dry Highveld Grassland Bioregion,Gh,Dry Highveld Grassland Bioregion,888,6,10,10,11790,Poorly protected,pdf\Gh_1_Karoo_Escarpment_Grassland.pdf,05 02 001 Gh 1  Karoo Escarpment Grassland,Gh 1  Karoo Escarpment Grassland,-32.2106,25.45783
Mountain Zebra,MTZ,MTZ_D06,Drainage line on hill,NA,NA,6,9.7,460,NA,80,65.80069444444445,Karoo Escarpment Grassland,Grassland Biome,2017-08-27T13:07:32Z,2017-11-01T08:20:32Z,74,2017-08-24,2017-11-06,Drainage line on hill,D06,-3568109.87,42921.7992,Strobe - White,50,SE,3,0,2,0,0,0,8.11,2.7,116.22,0,0,NA,NA,NA,3632.6354,Gh 1,24%,2.9% (+3.5%),98.9%,Least threatened,8378.3019,Gh1,05 02 001,G,Gh,Dry Highveld Grassland Bioregion,Gh,Dry Highveld Grassland Bioregion,888,6,10,10,11790,Poorly protected,pdf\Gh_1_Karoo_Escarpment_Grassland.pdf,05 02 001 Gh 1  Karoo Escarpment Grassland,Gh 1  Karoo Escarpment Grassland,-32.23597,25.4554
Mountain Zebra,MTZ,MTZ_D07,Drainage line; high tree and shrub density,NA,NA,3.7,6.2,80,NA,124,222.4963888888889,Eastern Upper Karoo,Nama-Karoo Biome,2017-08-25T10:24:49Z,2018-04-04T22:19:37Z,92,2017-08-24,2017-11-24,Drainage line; high tree and shrub density,D07,-3570354.106,42857.6268,Strobe - White,70,E ,3,152,1,5.43,0,5.43,29.35,1.09,25,0,5.43,NA,NA,NA,4.9013,NKu 4,21%,0.7%,98.1%,Least threatened,49821.3186,NKu4,04 02 004,NK,NKu,Upper Karoo Bioregion,NKu,Upper Karoo Bioregion,858,3,64,64,12581,Hardly protected,pdf\NKu_4_Eastern_Upper_Karoo.pdf,04 02 004 NKu 4  Eastern Upper Karoo,NKu 4  Eastern Upper Karoo,-32.25621,25.45482
Mountain Zebra,MTZ,MTZ_E04,Riverine,NA,NA,10.3,4,330,NA,209,219.66047453703703,Eastern Upper Karoo,Nama-Karoo Biome,2017-08-24T16:00:10Z,2018-04-01T07:51:15Z,97,2017-08-23,2017-11-28,Riverine,E04,-3562460.078,44777.1595,Strobe - White,70,E ,3,0,3,4.12,0,0,46.39,4.12,111.34,1.03,3.09,NA,NA,NA,173.6907,NKu 4,21%,0.7%,98.1%,Least threatened,49821.3186,NKu4,04 02 004,NK,NKu,Upper Karoo Bioregion,NKu,Upper Karoo Bioregion,858,3,64,64,12342,Hardly protected,pdf\NKu_4_Eastern_Upper_Karoo.pdf,04 02 004 NKu 4  Eastern Upper Karoo,NKu 4  Eastern Upper Karoo,-32.18495,25.47482
Mountain Zebra,MTZ,MTZ_E05,Riverine,NA,NA,50,10.5,1,NA,196,222.09155092592593,Eastern Upper Karoo,Nama-Karoo Biome,2017-08-23T13:23:57Z,2018-04-02T15:35:47Z,38,2017-08-23,2017-09-30,Riverine,E05,-3565087.099,44763.6736,Strobe - White,60,S,0,512,1,92.11,7.89,5.26,176.32,42.11,378.95,0,52.63,NA,NA,NA,173.6907,NKu 4,21%,0.7%,98.1%,Least threatened,49821.3186,NKu4,04 02 004,NK,NKu,Upper Karoo Bioregion,NKu,Upper Karoo Bioregion,858,3,64,64,12342,Hardly protected,pdf\NKu_4_Eastern_Upper_Karoo.pdf,04 02 004 NKu 4  Eastern Upper Karoo,NKu 4  Eastern Upper Karoo,-32.20864,25.4748
Mountain Zebra,MTZ,MTZ_E06,"Shrubland, few trees",NA,NA,13.3,18.3,560,NA,151,293.51225694444446,Karoo Escarpment Grassland,Grassland Biome,2017-08-24T12:59:45Z,2018-06-14T01:17:24Z,97,2017-08-24,2017-11-29,"Shrubland, few trees",E06,-3567777.356,44753.6718,Strobe - White,60,SE,1,0,2,32.99,6.19,0,6.19,1.03,82.47,0,27.84,NA,NA,NA,3632.6354,Gh 1,24%,2.9% (+3.5%),98.9%,Least threatened,8378.3019,Gh1,05 02 001,G,Gh,Dry Highveld Grassland Bioregion,Gh,Dry Highveld Grassland Bioregion,888,6,10,10,11790,Poorly protected,pdf\Gh_1_Karoo_Escarpment_Grassland.pdf,05 02 001 Gh 1  Karoo Escarpment Grassland,Gh 1  Karoo Escarpment Grassland,-32.2329,25.47482
Mountain Zebra,MTZ,MTZ_F04,Open plain on plato; grassland,NA,NA,34,98.4,500,NA,218,317.1122337962963,Karoo Escarpment Grassland,Grassland Biome,2017-08-24T12:07:01Z,2018-07-07T14:48:38Z,18,2017-08-24,2017-09-11,Open plain on plato; grassland,F04,-3562346.802,46708.1331,Strobe - White,40,SW,0,190,15,11.11,116.67,5.56,100,16.67,350,0,11.11,NA,NA,NA,3632.6354,Gh 1,24%,2.9% (+3.5%),98.9%,Least threatened,8378.3019,Gh1,05 02 001,G,Gh,Dry Highveld Grassland Bioregion,Gh,Dry Highveld Grassland Bioregion,888,6,10,10,11790,Poorly protected,pdf\Gh_1_Karoo_Escarpment_Grassland.pdf,05 02 001 Gh 1  Karoo Escarpment Grassland,Gh 1  Karoo Escarpment Grassland,-32.18385,25.49529
Mountain Zebra,MTZ,MTZ_F05,Open plain on plato; grassland,NA,NA,168,249.9,273,NA,33,24.191435185185185,Karoo Escarpment Grassland,Grassland Biome,2017-11-02T21:35:12Z,2017-11-27T02:10:52Z,96,2017-08-24,2017-11-28,Open plain on plato; grassland,F05,-3565092.338,46662.4883,Strobe - White,60,SE,0,171,NA,5.21,1.04,0,13.54,0,11.46,0,5.21,NA,NA,NA,3632.6354,Gh 1,24%,2.9% (+3.5%),98.9%,Least threatened,8378.3019,Gh1,05 02 001,G,Gh,Dry Highveld Grassland Bioregion,Gh,Dry Highveld Grassland Bioregion,888,6,10,10,11790,Poorly protected,pdf\Gh_1_Karoo_Escarpment_Grassland.pdf,05 02 001 Gh 1  Karoo Escarpment Grassland,Gh 1  Karoo Escarpment Grassland,-32.20861,25.49494
Mountain Zebra,MTZ,MTZ_G04,Plato; mixed grassland & Acacia karoo,NA,NA,34.3,4.9,10,NA,141,326.7834490740741,Karoo Escarpment Grassland,Grassland Biome,2017-08-24T11:52:06Z,2018-07-17T06:40:16Z,26,2017-08-24,2017-09-19,Plato; mixed grassland & Acacia karoo,G04,-3562437.871,48624.9747,Strobe - White,60,W,3,0,6,4.17,1.04,0,10.42,4.17,83.33,0,4.17,NA,NA,NA,3632.6354,Gh 1,24%,2.9% (+3.5%),98.9%,Least threatened,8378.3019,Gh1,05 02 001,G,Gh,Dry Highveld Grassland Bioregion,Gh,Dry Highveld Grassland Bioregion,888,6,10,10,11790,Poorly protected,pdf\Gh_1_Karoo_Escarpment_Grassland.pdf,05 02 001 Gh 1  Karoo Escarpment Grassland,Gh 1  Karoo Escarpment Grassland,-32.18459,25.51562
Pilansberg,PLN,PLN_A01,Savannah,NA,NA,4,5.7,35,6,36,168.53965277777777,Dwaalboom Thornveld,Savanna Biome,2017-10-11T17:52:11Z,2018-03-29T06:49:17Z,36,2018-02-21,2018-03-29,Savannah grassland (grassy),A01,-2784090.044,-3340.7616,Black flash,NA,N,3,NA,2,0,0,0,0,2.78,8.33,0,0,NA,NA,NA,6294.5543,SVcb 1,19%,6.1%,85.8%,Least threatened,9668.952,SVcb1,06 01 001,SV,SVcb,Central Bushveld Bioregion,SVcb,Central Bushveld Bioregion,8041,7,6,6,811,Poorly protected,pdf\SVcb_1_Dwaalboom_Thornveld.pdf,06 01 001 SVcb 1  Dwaalboom Thornveld,SVcb 1  Dwaalboom Thornveld,-25.162813,26.966863
Pilansberg,PLN,PLN_A02,Savannah,NA,NA,8.3,14.5,40,NA,60,147.42210648148148,Dwaalboom Thornveld,Savanna Biome,2017-11-09T11:52:12Z,2018-04-05T22:00:02Z,42,2018-02-23,2018-04-06,Savannah grassland (open),A02,-2783873.824,2922.4391,Black flash,NA,SE,2,NA,3,4.76,2.38,0,0,292.86,33.33,0,2.38,NA,NA,NA,6294.5543,SVcb 1,19%,6.1%,85.8%,Least threatened,9668.952,SVcb1,06 01 001,SV,SVcb,Central Bushveld Bioregion,SVcb,Central Bushveld Bioregion,8041,7,6,6,811,Poorly protected,pdf\SVcb_1_Dwaalboom_Thornveld.pdf,06 01 001 SVcb 1  Dwaalboom Thornveld,SVcb 1  Dwaalboom Thornveld,-25.160862,27.0289872
Pilansberg,PLN,PLN_B01,Savannah,NA,NA,6.3,21.8,1000,NA,64,135.63146990740742,Pilanesberg Mountain Bushveld,Savanna Biome,2017-11-09T21:04:03Z,2018-03-25T12:13:22Z,33,2018-02-21,2018-03-26,Savannah grassland,B01,-2790228.596,-853.1479,Black flash,NA,SW,0,50,2,0,6.06,0,0,0,0,0,0,NA,NA,NA,432.2755,SVcb 5,24%,95.6%,98.4%,Least threatened,434.9888,SVcb5,06 01 005,SV,SVcb,Central Bushveld Bioregion,SVcb,Central Bushveld Bioregion,914,7,6,6,1162,Well protected,pdf\SVcb_5_Pilanesberg_Mountain_Bushveld.pdf,06 01 005 SVcb 5  Pilanesberg Mountain Bushveld,SVcb 5  Pilanesberg Mountain Bushveld,-25.2182307,26.9915338
Pilansberg,PLN,PLN_B02,Savannah,NA,NA,6,16.3,56,NA,17,118.44077546296296,Pilanesberg Mountain Bushveld,Savanna Biome,2017-11-10T07:33:06Z,2018-03-08T18:07:49Z,13,2018-02-23,2018-03-08,Savannah grassland(grassy),B02,-2789169.618,2334.6144,Black flash,NA,SEE,3,800,1,0,0,0,0,0,0,0,0,NA,NA,NA,432.2755,SVcb 5,24%,95.6%,98.4%,Least threatened,434.9888,SVcb5,06 01 005,SV,SVcb,Central Bushveld Bioregion,SVcb,Central Bushveld Bioregion,914,7,6,6,1162,Well protected,pdf\SVcb_5_Pilanesberg_Mountain_Bushveld.pdf,06 01 005 SVcb 5  Pilanesberg Mountain Bushveld,SVcb 5  Pilanesberg Mountain Bushveld,-25.2086695,27.0231657
Pilansberg,PLN,PLN_B03,Savannah,NA,NA,4,8,6,NA,16,140.04805555555555,Pilanesberg Mountain Bushveld,Savanna Biome,2017-11-09T14:21:56Z,2018-03-29T15:31:08Z,36,2018-02-23,2018-03-31,Savannah grassland,B03,-2790198.15,6866.6172,Black flash,NA,S,2,500,1,0,0,0,0,8.33,19.44,0,0,NA,NA,NA,432.2755,SVcb 5,24%,95.6%,98.4%,Least threatened,434.9888,SVcb5,06 01 005,SV,SVcb,Central Bushveld Bioregion,SVcb,Central Bushveld Bioregion,914,7,6,6,1162,Well protected,pdf\SVcb_5_Pilanesberg_Mountain_Bushveld.pdf,06 01 005 SVcb 5  Pilanesberg Mountain Bushveld,SVcb 5  Pilanesberg Mountain Bushveld,-25.2179404,27.0681406
Pilansberg,PLN,PLN_B04,No grass,NA,NA,15,17.8,11,1000,276,194.11425925925926,Pilanesberg Mountain Bushveld,Savanna Biome,2017-10-07T13:50:49Z,2018-04-19T16:35:21Z,56,2018-02-22,2018-04-19,No grass (Rocky),B04,-2789537.6,12660.3431,Black flash,NA,E,4,1500,4,7.14,3.57,0,1.79,221.43,208.93,0,1.79,NA,NA,NA,432.2755,SVcb 5,24%,95.6%,98.4%,Least threatened,434.9888,SVcb5,06 01 005,SV,SVcb,Central Bushveld Bioregion,SVcb,Central Bushveld Bioregion,914,7,6,6,1162,Well protected,pdf\SVcb_5_Pilanesberg_Mountain_Bushveld.pdf,06 01 005 SVcb 5  Pilanesberg Mountain Bushveld,SVcb 5  Pilanesberg Mountain Bushveld,-25.2119398,27.1256282
Pilansberg,PLN,PLN_B05,Bushy,NA,NA,3,7.4,100,NA,11,43.75457175925926,Pilanesberg Mountain Bushveld,Savanna Biome,2018-03-02T11:40:19Z,2018-04-15T05:46:54Z,58,2018-02-21,2018-04-20,Greevea trees,B05,-2788558.453,16813.1594,Black flash,NA,SE,4,NA,3,1.72,0,0,3.45,1.72,3.45,0,0,NA,NA,NA,432.2755,SVcb 5,24%,95.6%,98.4%,Least threatened,434.9888,SVcb5,06 01 005,SV,SVcb,Central Bushveld Bioregion,SVcb,Central Bushveld Bioregion,914,7,6,6,1162,Well protected,pdf\SVcb_5_Pilanesberg_Mountain_Bushveld.pdf,06 01 005 SVcb 5  Pilanesberg Mountain Bushveld,SVcb 5  Pilanesberg Mountain Bushveld,-25.2030601,27.1668243
Pilansberg,PLN,PLN_C02,Bushy,NA,NA,9,7,58,30,213,161.5113888888889,Pilanesberg Mountain Bushveld,Savanna Biome,2017-11-08T05:43:49Z,2018-04-18T18:00:13Z,55,2018-02-22,2018-04-18,Savannah grassland & bushy,C02,-2794871.697,1810.4061,Black flash,NA,S,3,1000,1.5,29.09,7.27,0,0,101.82,92.73,0,1.82,NA,NA,NA,432.2755,SVcb 5,24%,95.6%,98.4%,Least threatened,434.9888,SVcb5,06 01 005,SV,SVcb,Central Bushveld Bioregion,SVcb,Central Bushveld Bioregion,914,7,6,6,1162,Well protected,pdf\SVcb_5_Pilanesberg_Mountain_Bushveld.pdf,06 01 005 SVcb 5  Pilanesberg Mountain Bushveld,SVcb 5  Pilanesberg Mountain Bushveld,-25.260144,27.0179717
Pilansberg,PLN,PLN_C03,No grass,NA,NA,50,22.5,280,NA,133,194.76119212962962,Pilanesberg Mountain Bushveld,Savanna Biome,2017-11-07T22:35:02Z,2018-05-21T16:51:09Z,87,2018-02-21,2018-05-19,No grass (plain),C03,-2793907.228,8097.1654,Black flash,NA,N,4,1000,2,4.6,1.15,0,19.54,71.26,89.66,0,2.3,NA,NA,NA,432.2755,SVcb 5,24%,95.6%,98.4%,Least threatened,434.9888,SVcb5,06 01 005,SV,SVcb,Central Bushveld Bioregion,SVcb,Central Bushveld Bioregion,914,7,6,6,1162,Well protected,pdf\SVcb_5_Pilanesberg_Mountain_Bushveld.pdf,06 01 005 SVcb 5  Pilanesberg Mountain Bushveld,SVcb 5  Pilanesberg Mountain Bushveld,-25.2514168,27.0803739
Pilansberg,PLN,PLN_C04,Savannah,NA,NA,10,15.5,53,1000,13,153.18773148148148,Pilanesberg Mountain Bushveld,Savanna Biome,2017-10-10T18:05:05Z,2018-03-12T22:35:25Z,19,2018-02-21,2018-03-12,Savannah grass,C04,-2794221.671,12056.935,Black flash,NA,N,4,4000,1.5,0,0,5.26,0,5.26,21.05,0,0,NA,NA,NA,432.2755,SVcb 5,24%,95.6%,98.4%,Least threatened,434.9888,SVcb5,06 01 005,SV,SVcb,Central Bushveld Bioregion,SVcb,Central Bushveld Bioregion,914,7,6,6,1162,Well protected,pdf\SVcb_5_Pilanesberg_Mountain_Bushveld.pdf,06 01 005 SVcb 5  Pilanesberg Mountain Bushveld,SVcb 5  Pilanesberg Mountain Bushveld,-25.2542287,27.119682
Pilansberg,PLN,PLN_C05,Savannah,NA,NA,8,12.3,35,NA,14,21.207256944444445,Pilanesberg Mountain Bushveld,Savanna Biome,2018-02-22T15:56:17Z,2018-03-15T20:54:44Z,27,2018-02-21,2018-03-20,Savannah grass,C05,-2793947.698,17314.392,Black flash,NA,NW,4,NA,4,0,7.41,3.7,3.7,3.7,148.15,0,0,NA,NA,NA,432.2755,SVcb 5,24%,95.6%,98.4%,Least threatened,434.9888,SVcb5,06 01 005,SV,SVcb,Central Bushveld Bioregion,SVcb,Central Bushveld Bioregion,914,7,6,6,1162,Well protected,pdf\SVcb_5_Pilanesberg_Mountain_Bushveld.pdf,06 01 005 SVcb 5  Pilanesberg Mountain Bushveld,SVcb 5  Pilanesberg Mountain Bushveld,-25.251704,27.171866
Pilansberg,PLN,PLN_C06,Savannah,NA,NA,11,10.2,100,25,40,126.19280092592592,Pilanesberg Mountain Bushveld,Savanna Biome,2017-11-09T11:54:24Z,2018-03-15T16:32:02Z,23,2018-02-20,2018-03-15,Savannah grassland (open),C06,-2793876.411,21239.2904,Black flash,NA,W,0,250,1,0,0,8.7,4.35,86.96,0,0,0,NA,NA,NA,432.2755,SVcb 5,24%,95.6%,98.4%,Least threatened,434.9888,SVcb5,06 01 005,SV,SVcb,Central Bushveld Bioregion,SVcb,Central Bushveld Bioregion,914,7,6,6,1162,Well protected,pdf\SVcb_5_Pilanesberg_Mountain_Bushveld.pdf,06 01 005 SVcb 5  Pilanesberg Mountain Bushveld,SVcb 5  Pilanesberg Mountain Bushveld,-25.25101,27.210824
Pilansberg,PLN,PLN_D01,Bushy,NA,NA,13,10.4,335,NA,206,147.71180555555554,Zeerust Thornveld,Savanna Biome,2017-11-10T02:42:27Z,2018-04-06T19:47:27Z,43,2018-02-22,2018-04-06,Seepline (with lots of acacia trees around),D01,-2798856.753,-2869.9424,Black flash,NA,NE,0,250,2,2.33,0,0,0,197.67,211.63,0,0,NA,NA,NA,4128.1934,SVcb 3,19%,3.6%,84.3%,Least threatened,4128.1934,SVcb3,06 01 003,SV,SVcb,Central Bushveld Bioregion,SVcb,Central Bushveld Bioregion,8040,7,6,6,1135,Poorly protected,pdf\SVcb_3_Zeerust_Thornveld.pdf,06 01 003 SVcb 3  Zeerust Thornveld,SVcb 3  Zeerust Thornveld,-25.296116,26.971502
Pilansberg,PLN,PLN_D02,Savannah,NA,NA,9.7,12.3,150,NA,21,39.908113425925926,Pilanesberg Mountain Bushveld,Savanna Biome,2018-02-23T17:33:42Z,2018-04-04T15:21:23Z,41,2018-02-22,2018-04-04,savannah grassland,D02,-2799459.896,4164.3627,Black flash,NA,NW,4,200,1,2.44,2.44,0,7.32,9.76,19.51,0,2.44,NA,NA,NA,432.2755,SVcb 5,24%,95.6%,98.4%,Least threatened,434.9888,SVcb5,06 01 005,SV,SVcb,Central Bushveld Bioregion,SVcb,Central Bushveld Bioregion,914,7,6,6,1162,Well protected,pdf\SVcb_5_Pilanesberg_Mountain_Bushveld.pdf,06 01 005 SVcb 5  Pilanesberg Mountain Bushveld,SVcb 5  Pilanesberg Mountain Bushveld,-25.3015576,27.0413532
Pilansberg,PLN,PLN_D03,Savannah,NA,NA,4,9.4,20,NA,15,27.087974537037038,Pilanesberg Mountain Bushveld,Savanna Biome,2018-02-22T10:15:35Z,2018-03-21T12:22:16Z,27,2018-02-22,2018-03-21,Savannah grass (rocky),D03,-2799217.102,8233.8733,Black flash,NA,E,2,NA,3,2.44,2.44,7.32,4.88,4.88,9.76,0,0,NA,NA,NA,432.2755,SVcb 5,24%,95.6%,98.4%,Least threatened,434.9888,SVcb5,06 01 005,SV,SVcb,Central Bushveld Bioregion,SVcb,Central Bushveld Bioregion,914,7,6,6,1162,Well protected,pdf\SVcb_5_Pilanesberg_Mountain_Bushveld.pdf,06 01 005 SVcb 5  Pilanesberg Mountain Bushveld,SVcb 5  Pilanesberg Mountain Bushveld,-25.299349,27.081763
Pilansberg,PLN,PLN_D04,Savannah,NA,NA,8.7,8,30,NA,29,159.79496527777778,Pilanesberg Mountain Bushveld,Savanna Biome,2017-11-11T15:13:29Z,2018-04-20T10:18:14Z,57,2018-02-22,2018-04-20,Savannah grass ,D04,-2799173.9,10330.8713,Black flash,NA,W,2,1000,2,1.75,1.75,0,0,0,10.53,0,0,NA,NA,NA,432.2755,SVcb 5,24%,95.6%,98.4%,Least threatened,434.9888,SVcb5,06 01 005,SV,SVcb,Central Bushveld Bioregion,SVcb,Central Bushveld Bioregion,914,7,6,6,1162,Well protected,pdf\SVcb_5_Pilanesberg_Mountain_Bushveld.pdf,06 01 005 SVcb 5  Pilanesberg Mountain Bushveld,SVcb 5  Pilanesberg Mountain Bushveld,-25.298946,27.102586
Pilansberg,PLN,PLN_D05,Bushy,NA,NA,4,11.5,65,NA,6,25.554930555555554,Pilanesberg Mountain Bushveld,Savanna Biome,2018-03-21T05:49:47Z,2018-04-15T19:08:53Z,52,2018-02-22,2018-04-15,Savannah grass (grassy & shrubs),D05,-2799678.475,17933.6147,Black flash,NA,SE,4,800,1.5,1.92,1.92,0,1.92,0,7.69,0,0,NA,NA,NA,432.2755,SVcb 5,24%,95.6%,98.4%,Least threatened,434.9888,SVcb5,06 01 005,SV,SVcb,Central Bushveld Bioregion,SVcb,Central Bushveld Bioregion,914,7,6,6,1162,Well protected,pdf\SVcb_5_Pilanesberg_Mountain_Bushveld.pdf,06 01 005 SVcb 5  Pilanesberg Mountain Bushveld,SVcb 5  Pilanesberg Mountain Bushveld,-25.303429,27.178088
Pilansberg,PLN,PLN_E02,Bushy,NA,NA,6.7,9,20,15,43,146.66149305555555,Zeerust Thornveld,Savanna Biome,2017-11-08T08:28:49Z,2018-04-04T00:21:22Z,41,2018-02-22,2018-04-04,Savannah grassland (with acacia ),E02,-2803203.876,3301.2129,Black flash,NA,W,1,30,4,2.44,12.2,0,0,7.32,39.02,0,0,NA,NA,NA,4128.1934,SVcb 3,19%,3.6%,84.3%,Least threatened,4128.1934,SVcb3,06 01 003,SV,SVcb,Central Bushveld Bioregion,SVcb,Central Bushveld Bioregion,8040,7,6,6,1135,Poorly protected,pdf\SVcb_3_Zeerust_Thornveld.pdf,06 01 003 SVcb 3  Zeerust Thornveld,SVcb 3  Zeerust Thornveld,-25.335357,27.032791
Pilansberg,PLN,PLN_E03,Savannah,NA,NA,5.3,8,9,NA,10,146.57730324074075,Zeerust Thornveld,Savanna Biome,2017-11-09T11:46:03Z,2018-04-05T01:37:22Z,38,2018-02-22,2018-04-01,Savannah grassland,E03,-2803349.812,5991.5705,Black flash,NA,NW,4,500,2,0,0,0,5.26,0,13.16,0,0,NA,NA,NA,4128.1934,SVcb 3,19%,3.6%,84.3%,Least threatened,4128.1934,SVcb3,06 01 003,SV,SVcb,Central Bushveld Bioregion,SVcb,Central Bushveld Bioregion,8040,7,6,6,1135,Poorly protected,pdf\SVcb_3_Zeerust_Thornveld.pdf,06 01 003 SVcb 3  Zeerust Thornveld,SVcb 3  Zeerust Thornveld,-25.336666,27.059515
Pilansberg,PLN,PLN_E04,Savannah,NA,NA,9.3,10,20,NA,19,41.01428240740741,Zeerust Thornveld,Savanna Biome,2018-03-04T07:30:26Z,2018-04-14T07:51:00Z,51,2018-02-22,2018-04-14,Savannah grassland,E04,-2803172.43,11945.7547,Black flash,NA,SW,4,400,1,0,1.96,0,13.73,1.96,0,0,0,NA,NA,NA,4128.1934,SVcb 3,19%,3.6%,84.3%,Least threatened,4128.1934,SVcb3,06 01 003,SV,SVcb,Central Bushveld Bioregion,SVcb,Central Bushveld Bioregion,8040,7,6,6,1135,Poorly protected,pdf\SVcb_3_Zeerust_Thornveld.pdf,06 01 003 SVcb 3  Zeerust Thornveld,SVcb 3  Zeerust Thornveld,-25.335029,27.118657
Madikwe1,MAD,MAD_A03,"Erioloba, geelhak plains",NA,NA,5,3.9,NA,NA,156,235.9699537037037,Dwaalboom Thornveld,Savanna Biome,2018-06-13T10:44:56Z,2019-02-04T10:01:40Z,NA,NA,NA,"Erioloba, geelhak plains",A03,NA,NA,IR-Black,NA,SW,4,NA,NA,NA,NA,NA,NA,NA,NA,NA,NA,4644,4645,4646,2888.6958,SVcb 1,19%,6.1%,85.8%,Least threatened,9668.952,SVcb1,06 01 001,SV,SVcb,Central Bushveld Bioregion,SVcb,Central Bushveld Bioregion,8041,7,6,6,658,Poorly protected,pdf\SVcb_1_Dwaalboom_Thornveld.pdf,06 01 001 SVcb 1  Dwaalboom Thornveld,SVcb 1  Dwaalboom Thornveld,-24.66725,26.33113
Madikwe1,MAD,MAD_A04,Erioloba stands,NA,NA,9.333333333333334,5.4,NA,NA,184,216.6944560185185,Dwaalboom Thornveld,Savanna Biome,2018-06-16T13:48:54Z,2019-01-19T06:28:55Z,NA,NA,NA,Erioloba stands,A04,NA,NA,IR-Black,NA,N,3,NA,NA,NA,NA,NA,NA,NA,NA,NA,NA,4639,4640,4641,2888.6958,SVcb 1,19%,6.1%,85.8%,Least threatened,9668.952,SVcb1,06 01 001,SV,SVcb,Central Bushveld Bioregion,SVcb,Central Bushveld Bioregion,8041,7,6,6,658,Poorly protected,pdf\SVcb_1_Dwaalboom_Thornveld.pdf,06 01 001 SVcb 1  Dwaalboom Thornveld,SVcb 1  Dwaalboom Thornveld,-24.6697,26.34982
Madikwe1,MAD,MAD_A05,"Grassy plain, melifera stands",NA,NA,10.333333333333334,8.8,NA,NA,239,192.6241087962963,Dwaalboom Thornveld,Savanna Biome,2018-06-12T15:19:31Z,2018-12-22T06:18:14Z,NA,NA,NA,"Grassy plain, melifera stands",A05,NA,NA,IR-Black,NA,NW,3,NA,NA,NA,NA,NA,NA,NA,NA,NA,NA,4634,4635,4636,2888.6958,SVcb 1,19%,6.1%,85.8%,Least threatened,9668.952,SVcb1,06 01 001,SV,SVcb,Central Bushveld Bioregion,SVcb,Central Bushveld Bioregion,8041,7,6,6,658,Poorly protected,pdf\SVcb_1_Dwaalboom_Thornveld.pdf,06 01 001 SVcb 1  Dwaalboom Thornveld,SVcb 1  Dwaalboom Thornveld,-24.66774,26.37113
Madikwe1,MAD,MAD_A06,"Grewia, geelhak, boscia shrubland",NA,NA,3.6666666666666665,4.2,NA,NA,139,190.54796296296297,Dwaalboom Thornveld,Savanna Biome,2018-07-11T09:00:07Z,2019-01-17T22:09:11Z,NA,NA,NA,"Grewia, geelhak, boscia shrubland",A06,NA,NA,IR-Black,NA,SE,2,NA,NA,NA,NA,NA,NA,NA,NA,NA,NA,4629,4630,4631,2888.6958,SVcb 1,19%,6.1%,85.8%,Least threatened,9668.952,SVcb1,06 01 001,SV,SVcb,Central Bushveld Bioregion,SVcb,Central Bushveld Bioregion,8041,7,6,6,658,Poorly protected,pdf\SVcb_1_Dwaalboom_Thornveld.pdf,06 01 001 SVcb 1  Dwaalboom Thornveld,SVcb 1  Dwaalboom Thornveld,-24.66882,26.39393
Madikwe1,MAD,MAD_B03,"Geelhak, Dicrostachys",NA,NA,12.666666666666666,7.4,NA,NA,249,209.7624189814815,Dwaalboom Thornveld,Savanna Biome,2018-06-13T08:34:46Z,2019-01-09T02:52:39Z,NA,NA,NA,"Geelhak, Dicrostachys",B03,NA,NA,IR-Black,NA,NE,1,NA,NA,NA,NA,NA,NA,NA,NA,NA,NA,4649,4650,4651,2888.6958,SVcb 1,19%,6.1%,85.8%,Least threatened,9668.952,SVcb1,06 01 001,SV,SVcb,Central Bushveld Bioregion,SVcb,Central Bushveld Bioregion,8041,7,6,6,658,Poorly protected,pdf\SVcb_1_Dwaalboom_Thornveld.pdf,06 01 001 SVcb 1  Dwaalboom Thornveld,SVcb 1  Dwaalboom Thornveld,-24.68983,26.32986
Madikwe1,MAD,MAD_B04,Geelhak stand,NA,NA,4.666666666666667,6.8,NA,NA,124,221.32318287037037,Dwaalboom Thornveld,Savanna Biome,2018-06-13T20:45:32Z,2019-01-21T04:30:55Z,NA,NA,NA,Geelhak stand,B04,NA,NA,IR-Black,NA,W,4,NA,NA,NA,NA,NA,NA,NA,NA,NA,NA,4654,4655,4656,2888.6958,SVcb 1,19%,6.1%,85.8%,Least threatened,9668.952,SVcb1,06 01 001,SV,SVcb,Central Bushveld Bioregion,SVcb,Central Bushveld Bioregion,8041,7,6,6,658,Poorly protected,pdf\SVcb_1_Dwaalboom_Thornveld.pdf,06 01 001 SVcb 1  Dwaalboom Thornveld,SVcb 1  Dwaalboom Thornveld,-24.68983,26.35063
Madikwe1,MAD,MAD_B05,Tortilis & dichrostachus,NA,NA,15.333333333333334,6.9,NA,NA,671,223.1765162037037,Dwaalboom Thornveld,Savanna Biome,2018-06-12T13:22:31Z,2019-01-21T17:36:42Z,NA,NA,NA,Tortilis & dichrostachus,B05,NA,NA,IR-Black,NA,S,1,NA,NA,NA,NA,NA,NA,NA,NA,NA,NA,4659,4660,4661,2888.6958,SVcb 1,19%,6.1%,85.8%,Least threatened,9668.952,SVcb1,06 01 001,SV,SVcb,Central Bushveld Bioregion,SVcb,Central Bushveld Bioregion,8041,7,6,6,658,Poorly protected,pdf\SVcb_1_Dwaalboom_Thornveld.pdf,06 01 001 SVcb 1  Dwaalboom Thornveld,SVcb 1  Dwaalboom Thornveld,-24.68788,26.37236
Madikwe1,MAD,MAD_B06,Open Grewia shrubland,NA,NA,24.666666666666668,5.7,NA,NA,244,190.21251157407409,Dwaalboom Thornveld,Savanna Biome,2018-06-14T06:59:10Z,2018-12-21T12:05:11Z,NA,NA,NA,Open Grewia shrubland,B06,NA,NA,IR-Black,NA,SE,1,NA,NA,NA,NA,NA,NA,NA,NA,NA,NA,4664,4665,4666,2888.6958,SVcb 1,19%,6.1%,85.8%,Least threatened,9668.952,SVcb1,06 01 001,SV,SVcb,Central Bushveld Bioregion,SVcb,Central Bushveld Bioregion,8041,7,6,6,658,Poorly protected,pdf\SVcb_1_Dwaalboom_Thornveld.pdf,06 01 001 SVcb 1  Dwaalboom Thornveld,SVcb 1  Dwaalboom Thornveld,-24.68812,26.39476
Madikwe1,MAD,MAD_C04,"Geelhak, Dicrostachus",NA,NA,10.666666666666666,6.2,NA,NA,504,228.59792824074074,Dwaalboom Thornveld,Savanna Biome,2018-06-12T12:06:20Z,2019-01-27T02:27:21Z,NA,NA,NA,"Geelhak, Dicrostachus",C04,NA,NA,IR-Black,NA,SE,3,NA,NA,NA,NA,NA,NA,NA,NA,NA,NA,4674,4675,4676,2888.6958,SVcb 1,19%,6.1%,85.8%,Least threatened,9668.952,SVcb1,06 01 001,SV,SVcb,Central Bushveld Bioregion,SVcb,Central Bushveld Bioregion,8041,7,6,6,658,Poorly protected,pdf\SVcb_1_Dwaalboom_Thornveld.pdf,06 01 001 SVcb 1  Dwaalboom Thornveld,SVcb 1  Dwaalboom Thornveld,-24.7086,26.34894
Madikwe1,MAD,MAD_C05,Dicrostachus. Tall grassland,NA,NA,6.666666666666667,8.6,NA,NA,149,227.4862037037037,Dwaalboom Thornveld,Savanna Biome,2018-06-15T05:52:44Z,2019-01-28T17:32:52Z,NA,NA,NA,Dicrostachus. Tall grassland,C05,NA,NA,IR-Black,NA,S,1,NA,NA,NA,NA,NA,NA,NA,NA,NA,NA,4669,4670,4671,2888.6958,SVcb 1,19%,6.1%,85.8%,Least threatened,9668.952,SVcb1,06 01 001,SV,SVcb,Central Bushveld Bioregion,SVcb,Central Bushveld Bioregion,8041,7,6,6,658,Poorly protected,pdf\SVcb_1_Dwaalboom_Thornveld.pdf,06 01 001 SVcb 1  Dwaalboom Thornveld,SVcb 1  Dwaalboom Thornveld,-24.70683,26.37296
Madikwe1,MAD,MAD_C06,Atortilis patchy; open kraal,NA,NA,12.666666666666666,8.4,NA,NA,778,217.5667361111111,Dwaalboom Thornveld,Savanna Biome,2018-06-12T06:45:28Z,2019-01-15T20:21:34Z,NA,NA,NA,Atortilis patchy; open kraal,C06,NA,NA,IR-Black,NA,SE,1,NA,NA,NA,NA,NA,NA,NA,NA,NA,NA,4624,4625,4626,2888.6958,SVcb 1,19%,6.1%,85.8%,Least threatened,9668.952,SVcb1,06 01 001,SV,SVcb,Central Bushveld Bioregion,SVcb,Central Bushveld Bioregion,8041,7,6,6,658,Poorly protected,pdf\SVcb_1_Dwaalboom_Thornveld.pdf,06 01 001 SVcb 1  Dwaalboom Thornveld,SVcb 1  Dwaalboom Thornveld,-24.71081,26.39456
Madikwe1,MAD,MAD_C07,Open Grewia shrubland,NA,NA,5.333333333333333,4.5,NA,NA,376,219.10814814814816,Dwaalboom Thornveld,Savanna Biome,2018-06-14T08:45:05Z,2019-01-19T11:20:49Z,NA,NA,NA,Open Grewia shrubland,C07,NA,NA,IR-Black,NA,E,1,NA,NA,NA,NA,NA,NA,NA,NA,NA,NA,4704,4705,4706,2888.6958,SVcb 1,19%,6.1%,85.8%,Least threatened,9668.952,SVcb1,06 01 001,SV,SVcb,Central Bushveld Bioregion,SVcb,Central Bushveld Bioregion,8041,7,6,6,658,Poorly protected,pdf\SVcb_1_Dwaalboom_Thornveld.pdf,06 01 001 SVcb 1  Dwaalboom Thornveld,SVcb 1  Dwaalboom Thornveld,-24.70953,26.41677
Madikwe1,MAD,MAD_D03,"Dicrostachus, closed shrubland",NA,NA,5.333333333333333,4.8,NA,NA,176,223.3636111111111,Dwaalboom Thornveld,Savanna Biome,2018-06-18T12:11:47Z,2019-01-27T20:55:23Z,NA,NA,NA,"Dicrostachus, closed shrubland",D03,NA,NA,IR-Black,NA,SE,1,NA,NA,NA,NA,NA,NA,NA,NA,NA,NA,4694,4695,4696,2888.6958,SVcb 1,19%,6.1%,85.8%,Least threatened,9668.952,SVcb1,06 01 001,SV,SVcb,Central Bushveld Bioregion,SVcb,Central Bushveld Bioregion,8041,7,6,6,658,Poorly protected,pdf\SVcb_1_Dwaalboom_Thornveld.pdf,06 01 001 SVcb 1  Dwaalboom Thornveld,SVcb 1  Dwaalboom Thornveld,-24.72961,26.32737
Madikwe1,MAD,MAD_D04,Koppie foothill,NA,NA,4.333333333333333,5.9,NA,NA,196,226.75961805555556,Dwaalboom Thornveld,Savanna Biome,2018-06-15T22:58:26Z,2019-01-28T17:12:17Z,NA,NA,NA,Koppie foothill,D04,NA,NA,IR-Black,NA,WSW,2,NA,NA,NA,NA,NA,NA,NA,NA,NA,NA,4619,4620,4621,2888.6958,SVcb 1,19%,6.1%,85.8%,Least threatened,9668.952,SVcb1,06 01 001,SV,SVcb,Central Bushveld Bioregion,SVcb,Central Bushveld Bioregion,8041,7,6,6,658,Poorly protected,pdf\SVcb_1_Dwaalboom_Thornveld.pdf,06 01 001 SVcb 1  Dwaalboom Thornveld,SVcb 1  Dwaalboom Thornveld,-24.72961,26.35212
Madikwe1,MAD,MAD_D05,Moderate dense shrubland,NA,NA,4.666666666666667,4.5,NA,NA,132,222.6838888888889,Dwaalboom Thornveld,Savanna Biome,2018-06-11T15:10:43Z,2019-01-20T07:35:31Z,NA,NA,NA,Moderate dense shrubland,D05,NA,NA,IR-Black,NA,E,1,NA,NA,NA,NA,NA,NA,NA,NA,NA,NA,4614,4615,4616,2888.6958,SVcb 1,19%,6.1%,85.8%,Least threatened,9668.952,SVcb1,06 01 001,SV,SVcb,Central Bushveld Bioregion,SVcb,Central Bushveld Bioregion,8041,7,6,6,658,Poorly protected,pdf\SVcb_1_Dwaalboom_Thornveld.pdf,06 01 001 SVcb 1  Dwaalboom Thornveld,SVcb 1  Dwaalboom Thornveld,-24.73157,26.37519
Madikwe1,MAD,MAD_D06,Moderate dense shrubland,NA,NA,4.666666666666667,5.4,NA,NA,68,219.244375,Dwaalboom Thornveld,Savanna Biome,2018-06-12T05:00:35Z,2019-01-17T10:52:29Z,NA,NA,NA,Moderate dense shrubland,D06,NA,NA,IR-Black,NA,WNW,1,NA,NA,NA,NA,NA,NA,NA,NA,NA,NA,4609,4610,4611,2888.6958,SVcb 1,19%,6.1%,85.8%,Least threatened,9668.952,SVcb1,06 01 001,SV,SVcb,Central Bushveld Bioregion,SVcb,Central Bushveld Bioregion,8041,7,6,6,658,Poorly protected,pdf\SVcb_1_Dwaalboom_Thornveld.pdf,06 01 001 SVcb 1  Dwaalboom Thornveld,SVcb 1  Dwaalboom Thornveld,-24.72846,26.39541
Madikwe1,MAD,MAD_D07,"Tortilis, swart haak veld",NA,NA,13.333333333333334,8.7,NA,NA,486,226.58908564814814,Dwaalboom Thornveld,Savanna Biome,2018-06-13T10:22:00Z,2019-01-26T00:30:17Z,NA,NA,NA,"Tortilis, swart haak veld",D07,NA,NA,IR-Black,NA,SE,2,NA,NA,NA,NA,NA,NA,NA,NA,NA,NA,4699,4700,4701,2888.6958,SVcb 1,19%,6.1%,85.8%,Least threatened,9668.952,SVcb1,06 01 001,SV,SVcb,Central Bushveld Bioregion,SVcb,Central Bushveld Bioregion,8041,7,6,6,658,Poorly protected,pdf\SVcb_1_Dwaalboom_Thornveld.pdf,06 01 001 SVcb 1  Dwaalboom Thornveld,SVcb 1  Dwaalboom Thornveld,-24.72942,26.41559
Madikwe1,MAD,MAD_E04,"Dicrostachus, dense shrubland",NA,NA,6.333333333333333,2.8,NA,NA,155,218.8720486111111,Dwaalboom Thornveld,Savanna Biome,2018-06-13T10:09:32Z,2019-01-18T07:05:17Z,NA,NA,NA,"Dicrostachus, dense shrubland",E04,NA,NA,IR-Black,NA,E,3,NA,NA,NA,NA,NA,NA,NA,NA,NA,NA,4689,4690,4691,2888.6958,SVcb 1,19%,6.1%,85.8%,Least threatened,9668.952,SVcb1,06 01 001,SV,SVcb,Central Bushveld Bioregion,SVcb,Central Bushveld Bioregion,8041,7,6,6,658,Poorly protected,pdf\SVcb_1_Dwaalboom_Thornveld.pdf,06 01 001 SVcb 1  Dwaalboom Thornveld,SVcb 1  Dwaalboom Thornveld,-24.75103,26.34968
Madikwe1,MAD,MAD_E06,"Dicrostachus, dense shrubland",NA,NA,4,2.7,NA,NA,71,214.23263888888889,Dwaalboom Thornveld,Savanna Biome,2018-06-20T00:43:56Z,2019-01-20T06:18:56Z,NA,NA,NA,"Dicrostachus, dense shrubland",E06,NA,NA,IR-Black,NA,S,1,NA,NA,NA,NA,NA,NA,NA,NA,NA,NA,4684,4685,4686,2888.6958,SVcb 1,19%,6.1%,85.8%,Least threatened,9668.952,SVcb1,06 01 001,SV,SVcb,Central Bushveld Bioregion,SVcb,Central Bushveld Bioregion,8041,7,6,6,658,Poorly protected,pdf\SVcb_1_Dwaalboom_Thornveld.pdf,06 01 001 SVcb 1  Dwaalboom Thornveld,SVcb 1  Dwaalboom Thornveld,-24.750610000000002,26.3965
Madikwe1,MAD,MAD_E07,"Dicrostachus, dense shrubland",NA,NA,4.666666666666667,3.8,NA,NA,23,193.15614583333334,Dwaalboom Thornveld,Savanna Biome,2018-06-18T11:23:57Z,2018-12-28T15:08:48Z,NA,NA,NA,"Dicrostachus, dense shrubland",E07,NA,NA,IR-Black,NA,NNE,1,NA,NA,NA,NA,NA,NA,NA,NA,NA,NA,4679,4680,4681,2888.6958,SVcb 1,19%,6.1%,85.8%,Least threatened,9668.952,SVcb1,06 01 001,SV,SVcb,Central Bushveld Bioregion,SVcb,Central Bushveld Bioregion,8041,7,6,6,658,Poorly protected,pdf\SVcb_1_Dwaalboom_Thornveld.pdf,06 01 001 SVcb 1  Dwaalboom Thornveld,SVcb 1  Dwaalboom Thornveld,-24.74914,26.41641
