"code_loc","site_ID","DateTimeOriginal","question__species","question__count_median","capture_date_local","capture_time_local"
"KAR","KAR_D04","2017-10-06 13:56:55","eland",1,"2017-10-06","13:56:55"
"KAR","KAR_B01","2018-01-22 11:07:09","birdother",1,"2018-01-22","11:07:09"
"KAR","KAR_C02","2017-12-10 08:32:25","baboon",1,"2017-12-10","08:32:25"
"KAR","KAR_E01","2017-10-06 04:24:40","gemsbokoryx",1,"2017-10-06","04:24:40"
"KAR","KAR_D01","2017-12-06 09:38:14","gemsbokoryx",1,"2017-12-06","09:38:14"
"KAR","KAR_D01","2017-11-01 13:45:54","eland",2,"2017-11-01","13:45:54"
"KAR","KAR_A01","2017-11-01 11:24:13","steenbok",1,"2017-11-01","11:24:13"
"KAR","KAR_C03","2018-01-05 13:31:42","kudu",1,"2018-01-05","13:31:42"
"KAR","KAR_D03","2017-10-28 08:12:36","eland",1,"2017-10-28","08:12:36"
"KAR","KAR_D01","2017-12-22 07:22:34","hartebeestred",1,"2017-12-22","07:22:34"
"KAR","KAR_C02","2017-10-30 15:53:20","porcupine",1,"2017-10-30","15:53:20"
"KAR","KAR_D04","2018-01-28 13:49:25","baboon",1,"2018-01-28","13:49:25"
"KAR","KAR_B03","2017-12-30 21:10:44","baboon",1,"2017-12-30","21:10:44"
"KAR","KAR_B02","2018-01-05 23:40:00","jackalblackbacked",1,"2018-01-05","23:40:00"
"KAR","KAR_A02","2017-10-08 17:58:43","eland",1,"2017-10-08","17:58:43"
"KAR","KAR_C03","2018-01-06 19:40:13","baboon",1,"2018-01-06","19:40:13"
"KAR","KAR_E03","2017-10-21 19:30:53","duikercommon",1,"2017-10-21","19:30:53"
"KAR","KAR_B01","2018-01-31 23:03:29","hartebeestred",1,"2018-01-31","23:03:29"
"KAR","KAR_E03","2017-10-14 04:35:17","baboon",1,"2017-10-14","04:35:17"
"KAR","KAR_E01","2017-11-15 11:38:12","eland",1,"2017-11-15","11:38:12"
"KAR","KAR_B02","2017-10-23 21:45:27","zebramountain",1,"2017-10-23","21:45:27"
"KAR","KAR_B03","2018-01-09 05:51:10","gemsbokoryx",1,"2018-01-09","05:51:10"
"KAR","KAR_B02","2017-12-23 16:19:05","eland",1,"2017-12-23","16:19:05"
"KAR","KAR_E03","2017-12-05 23:56:39","jackalblackbacked",1,"2017-12-05","23:56:39"
"KAR","KAR_B03","2018-01-29 20:08:51","hartebeestred",1,"2018-01-29","20:08:51"
"KAR","KAR_E01","2017-10-29 01:33:20","steenbok",1,"2017-10-29","01:33:20"
"KAR","KAR_D03","2018-02-01 19:13:17","ostrich",1,"2018-02-01","19:13:17"
"KAR","KAR_D01","2017-10-26 12:45:55","eland",1,"2017-10-26","12:45:55"
"KAR","KAR_B03","2017-11-11 02:00:34","kudu",1,"2017-11-11","02:00:34"
"KAR","KAR_B02","2018-01-09 17:43:17","hartebeestred",4,"2018-01-09","17:43:17"
"KAR","KAR_B01","2018-01-23 21:12:41","kudu",2,"2018-01-23","21:12:41"
"KAR","KAR_E03","2018-01-07 20:21:54","zebramountain",1,"2018-01-07","20:21:54"
"KAR","KAR_C03","2017-12-08 11:22:37","eland",1,"2017-12-08","11:22:37"
"KAR","KAR_E01","2018-01-07 12:14:40","gemsbokoryx",1,"2018-01-07","12:14:40"
"KAR","KAR_B02","2017-12-19 07:09:21","birdother",1,"2017-12-19","07:09:21"
"KAR","KAR_B02","2018-01-13 18:41:12","kudu",1,"2018-01-13","18:41:12"
"KAR","KAR_B03","2018-01-09 17:33:36","gemsbokoryx",1,"2018-01-09","17:33:36"
"KAR","KAR_E01","2017-12-03 18:59:40","kudu",1,"2017-12-03","18:59:40"
"KAR","KAR_D03","2017-11-08 07:33:29","kudu",1,"2017-11-08","07:33:29"
"KAR","KAR_B02","2018-01-10 18:54:56","gemsbokoryx",1,"2018-01-10","18:54:56"
"KAR","KAR_B03","2017-11-30 13:11:59","kudu",1,"2017-11-30","13:11:59"
"KAR","KAR_E03","2018-01-02 09:32:10","kudu",1,"2018-01-02","09:32:10"
"KAR","KAR_E03","2017-11-28 13:25:29","gemsbokoryx",5,"2017-11-28","13:25:29"
"KAR","KAR_E01","2017-11-22 06:22:15","hare",1,"2017-11-22","06:22:15"
"KAR","KAR_E01","2017-12-29 08:40:51","jackalblackbacked",1,"2017-12-29","08:40:51"
"KAR","KAR_E01","2017-10-12 08:40:16","kudu",1,"2017-10-12","08:40:16"
"KAR","KAR_C02","2017-12-25 07:39:14","kudu",1,"2017-12-25","07:39:14"
"KAR","KAR_B02","2018-02-01 03:37:22","rabbitriverine",1,"2018-02-01","03:37:22"
"KAR","KAR_B02","2017-12-18 00:09:34","hartebeestred",2,"2017-12-18","00:09:34"
"KAR","KAR_D03","2017-12-05 11:37:16","eland",1,"2017-12-05","11:37:16"
"KAR","KAR_E03","2018-02-05 13:13:02","eland",1,"2018-02-05","13:13:02"
"KAR","KAR_C02","2018-01-13 15:50:24","birdother",2,"2018-01-13","15:50:24"
"KAR","KAR_D01","2017-11-19 10:47:24","gemsbokoryx",1,"2017-11-19","10:47:24"
"KAR","KAR_E02","2017-12-14 16:57:16","birdother",1,"2017-12-14","16:57:16"
"KAR","KAR_B02","2018-01-05 20:57:45","gemsbokoryx",1,"2018-01-05","20:57:45"
"KAR","KAR_D03","2017-10-25 14:00:00","hare",2,"2017-10-25","14:00:00"
"KAR","KAR_E02","2017-10-14 07:17:47","duikercommon",1,"2017-10-14","07:17:47"
"KAR","KAR_E01","2017-12-11 22:18:03","rhebokgrey",1,"2017-12-11","22:18:03"
"KAR","KAR_E01","2017-12-10 02:17:05","kudu",1,"2017-12-10","02:17:05"
"KAR","KAR_A02","2017-10-11 20:04:20","gemsbokoryx",1,"2017-10-11","20:04:20"
"KAR","KAR_D01","2018-01-09 05:01:33","gemsbokoryx",1,"2018-01-09","05:01:33"
"KAR","KAR_A01","2017-10-29 13:03:37","eland",1,"2017-10-29","13:03:37"
"KAR","KAR_B02","2017-12-11 12:37:12","eland",1,"2017-12-11","12:37:12"
"KAR","KAR_B03","2017-10-06 14:12:07","baboon",1,"2017-10-06","14:12:07"
"KAR","KAR_D04","2017-11-29 22:03:04","kudu",1,"2017-11-29","22:03:04"
"KAR","KAR_D01","2017-10-20 14:50:59","baboon",1,"2017-10-20","14:50:59"
"KAR","KAR_B01","2017-10-18 06:43:39","baboon",1,"2017-10-18","06:43:39"
"KAR","KAR_E01","2017-12-02 23:03:13","kudu",1,"2017-12-02","23:03:13"
"KAR","KAR_B03","2018-01-24 11:56:08","baboon",1,"2018-01-24","11:56:08"
"KAR","KAR_D04","2017-12-02 06:21:55","steenbok",1,"2017-12-02","06:21:55"
"KAR","KAR_E02","2017-12-24 07:51:08","gemsbokoryx",2,"2017-12-24","07:51:08"
"KAR","KAR_A01","2018-01-10 10:08:43","mongooseyellow",1,"2018-01-10","10:08:43"
"KAR","KAR_B01","2017-12-12 16:46:11","porcupine",1,"2017-12-12","16:46:11"
"KAR","KAR_B03","2017-12-10 18:36:12","kudu",1,"2017-12-10","18:36:12"
"KAR","KAR_A01","2018-01-01 10:16:17","baboon",1,"2018-01-01","10:16:17"
"KAR","KAR_E01","2017-11-22 19:49:16","lionfemale",1,"2017-11-22","19:49:16"
"KAR","KAR_A02","2017-10-23 19:13:19","jackalblackbacked",1,"2017-10-23","19:13:19"
"KAR","KAR_D04","2018-02-01 01:55:47","kudu",1,"2018-02-01","01:55:47"
"KAR","KAR_B02","2018-01-19 05:07:26","birdother",1,"2018-01-19","05:07:26"
"KAR","KAR_C02","2018-02-03 20:00:12","kudu",1,"2018-02-03","20:00:12"
"KAR","KAR_E01","2017-11-19 17:07:12","jackalblackbacked",2,"2017-11-19","17:07:12"
"KAR","KAR_D04","2018-01-01 08:50:48","eland",1,"2018-01-01","08:50:48"
"KAR","KAR_E03","2017-12-05 09:27:21","hartebeestred",1,"2017-12-05","09:27:21"
"KAR","KAR_B02","2018-01-01 07:08:28","baboon",1,"2018-01-01","07:08:28"
"KAR","KAR_E01","2017-12-24 15:08:45","hartebeestred",1,"2017-12-24","15:08:45"
"KAR","KAR_E03","2017-12-26 18:43:32","kudu",1,"2017-12-26","18:43:32"
"KAR","KAR_E02","2017-12-11 12:17:10","kudu",1,"2017-12-11","12:17:10"
"KAR","KAR_B02","2017-12-19 18:32:20","kudu",1,"2017-12-19","18:32:20"
"KAR","KAR_E01","2018-01-29 16:57:45","baboon",1,"2018-01-29","16:57:45"
"KAR","KAR_D04","2018-01-25 10:47:28","kudu",1,"2018-01-25","10:47:28"
"KAR","KAR_A02","2017-12-07 10:23:12","rhinocerosblack",1,"2017-12-07","10:23:12"
"KAR","KAR_B02","2018-01-23 00:11:46","kudu",1,"2018-01-23","00:11:46"
"KAR","KAR_B03","2017-11-24 14:54:45","steenbok",1,"2017-11-24","14:54:45"
"KAR","KAR_A02","2017-10-10 08:39:29","gemsbokoryx",1,"2017-10-10","08:39:29"
"KAR","KAR_B02","2018-01-31 19:59:57","kudu",1,"2018-01-31","19:59:57"
"KAR","KAR_E03","2018-01-26 12:54:53","jackalblackbacked",1,"2018-01-26","12:54:53"
"KAR","KAR_E02","2017-11-01 06:32:05","reedbuckmountain",1,"2017-11-01","06:32:05"
"KAR","KAR_D01","2017-11-29 14:09:49","hartebeestred",1,"2017-11-29","14:09:49"
"KAR","KAR_C02","2018-01-26 16:53:45","kudu",1,"2018-01-26","16:53:45"
"KAR","KAR_A01","2017-11-27 17:29:13","duikercommon",1,"2017-11-27","17:29:13"
"KAR","KAR_B03","2017-12-13 17:29:19","baboon",1,"2017-12-13","17:29:19"
"KAR","KAR_C03","2017-11-16 17:16:05","gemsbokoryx",1,"2017-11-16","17:16:05"
"KAR","KAR_A01","2017-12-02 23:25:56","jackalblackbacked",1,"2017-12-02","23:25:56"
"KAR","KAR_D03","2018-01-18 18:40:16","steenbok",1,"2018-01-18","18:40:16"
"KAR","KAR_B02","2018-02-01 12:08:53","kudu",1,"2018-02-01","12:08:53"
"KAR","KAR_C02","2018-01-22 13:19:48","zebramountain",1,"2018-01-22","13:19:48"
"KAR","KAR_E01","2018-02-05 14:13:39","kudu",1,"2018-02-05","14:13:39"
"KAR","KAR_D04","2017-11-04 06:56:53","ostrich",1,"2017-11-04","06:56:53"
"KAR","KAR_E03","2017-11-19 08:14:35","duikercommon",1,"2017-11-19","08:14:35"
"KAR","KAR_B03","2018-01-01 15:20:01","hartebeestred",2,"2018-01-01","15:20:01"
"KAR","KAR_B02","2017-11-11 10:26:11","ostrich",1,"2017-11-11","10:26:11"
"KAR","KAR_B03","2018-01-13 05:45:56","eland",1,"2018-01-13","05:45:56"
"KAR","KAR_A01","2017-12-20 20:47:59","kudu",1,"2017-12-20","20:47:59"
"KAR","KAR_C02","2017-10-20 09:24:03","gemsbokoryx",1,"2017-10-20","09:24:03"
"KAR","KAR_A01","2018-01-24 08:36:39","gemsbokoryx",1,"2018-01-24","08:36:39"
"KAR","KAR_B02","2018-01-08 05:45:20","duikercommon",1,"2018-01-08","05:45:20"
"KAR","KAR_A01","2017-12-24 07:56:32","springbok",1,"2017-12-24","07:56:32"
"KAR","KAR_B03","2017-10-05 12:39:39","gemsbokoryx",1,"2017-10-05","12:39:39"
"KAR","KAR_B02","2017-11-08 05:42:07","baboon",1,"2017-11-08","05:42:07"
"KAR","KAR_E03","2017-10-04 18:16:21","gemsbokoryx",1,"2017-10-04","18:16:21"
"KAR","KAR_A01","2017-10-07 12:29:16","zebramountain",1,"2017-10-07","12:29:16"
"KAR","KAR_B01","2018-01-29 17:07:00","gemsbokoryx",1,"2018-01-29","17:07:00"
"KAR","KAR_D03","2017-11-04 05:41:29","hartebeestred",2,"2017-11-04","05:41:29"
"KAR","KAR_C02","2017-12-02 06:59:43","kudu",1,"2017-12-02","06:59:43"
"KAR","KAR_A01","2017-12-06 06:59:40","eland",1,"2017-12-06","06:59:40"
"KAR","KAR_D03","2017-11-27 07:54:23","kudu",1,"2017-11-27","07:54:23"
"KAR","KAR_E03","2018-01-29 09:08:20","eland",1,"2018-01-29","09:08:20"
"KAR","KAR_D01","2018-01-06 07:10:10","gemsbokoryx",3,"2018-01-06","07:10:10"
"KAR","KAR_B02","2017-11-13 22:52:10","eland",3,"2017-11-13","22:52:10"
"KAR","KAR_B03","2017-10-13 10:16:22","gemsbokoryx",1,"2017-10-13","10:16:22"
"KAR","KAR_B02","2017-11-25 06:40:54","eland",3,"2017-11-25","06:40:54"
"KAR","KAR_A01","2017-11-30 13:46:45","kudu",2,"2017-11-30","13:46:45"
"KAR","KAR_F02","2018-01-04 23:58:56","gemsbokoryx",3,"2018-01-04","23:58:56"
"KAR","KAR_A01","2017-12-04 08:29:52","kudu",1,"2017-12-04","08:29:52"
"KAR","KAR_A02","2017-11-05 00:04:46","kudu",1,"2017-11-05","00:04:46"
"KAR","KAR_E01","2018-01-29 03:05:36","baboon",3,"2018-01-29","03:05:36"
"KAR","KAR_A02","2018-01-23 16:44:31","steenbok",1,"2018-01-23","16:44:31"
"KAR","KAR_C02","2017-12-18 08:22:57","eland",1,"2017-12-18","08:22:57"
"KAR","KAR_B02","2018-01-11 14:54:44","gemsbokoryx",1,"2018-01-11","14:54:44"
"KAR","KAR_E01","2017-12-29 02:06:16","zebramountain",1,"2017-12-29","02:06:16"
"KAR","KAR_A02","2017-12-15 21:41:47","gemsbokoryx",1,"2017-12-15","21:41:47"
"KAR","KAR_E01","2018-01-30 01:52:18","gemsbokoryx",2,"2018-01-30","01:52:18"
"KAR","KAR_E02","2018-01-08 09:15:06","jackalblackbacked",1,"2018-01-08","09:15:06"
"KAR","KAR_E01","2017-12-16 00:58:52","kudu",1,"2017-12-16","00:58:52"
"KAR","KAR_B02","2017-10-31 22:46:44","baboon",1,"2017-10-31","22:46:44"
"KAR","KAR_B02","2018-01-27 06:02:37","caracal",2,"2018-01-27","06:02:37"
"KAR","KAR_D01","2017-12-29 19:08:10","eland",1,"2017-12-29","19:08:10"
"KAR","KAR_B02","2017-10-09 16:55:10","ostrich",1,"2017-10-09","16:55:10"
"KAR","KAR_D03","2018-02-03 19:46:04","gemsbokoryx",1,"2018-02-03","19:46:04"
"KAR","KAR_B02","2017-12-29 20:41:40","duikercommon",1,"2017-12-29","20:41:40"
"KAR","KAR_D04","2018-01-11 01:53:23","hartebeestred",1,"2018-01-11","01:53:23"
"KAR","KAR_C03","2018-01-06 00:16:52","eland",1,"2018-01-06","00:16:52"
"KAR","KAR_B02","2017-12-12 15:04:25","kudu",1,"2017-12-12","15:04:25"
"KAR","KAR_A01","2017-12-05 09:21:04","hartebeestred",1,"2017-12-05","09:21:04"
"KAR","KAR_D03","2017-12-17 19:54:15","gemsbokoryx",1,"2017-12-17","19:54:15"
"KAR","KAR_A01","2017-10-09 15:08:18","bustardludwigs",2,"2017-10-09","15:08:18"
"KAR","KAR_D01","2018-01-26 06:47:04","baboon",1,"2018-01-26","06:47:04"
"KAR","KAR_B03","2018-01-11 12:32:10","kudu",1,"2018-01-11","12:32:10"
"KAR","KAR_D04","2017-12-02 18:03:28","gemsbokoryx",1,"2017-12-02","18:03:28"
"KAR","KAR_A02","2017-10-06 16:37:05","gemsbokoryx",1,"2017-10-06","16:37:05"
"KAR","KAR_D03","2017-11-26 16:40:15","kudu",1,"2017-11-26","16:40:15"
"KAR","KAR_A02","2017-11-18 08:15:14","springbok",1,"2017-11-18","08:15:14"
"KAR","KAR_A02","2017-12-18 21:53:08","kudu",1,"2017-12-18","21:53:08"
"KAR","KAR_E03","2017-11-01 23:43:59","gemsbokoryx",1,"2017-11-01","23:43:59"
"KAR","KAR_E03","2017-12-20 19:21:39","springbok",1,"2017-12-20","19:21:39"
"KAR","KAR_E03","2018-01-29 02:07:01","baboon",1,"2018-01-29","02:07:01"
"KAR","KAR_E03","2017-10-15 13:49:03","kudu",1,"2017-10-15","13:49:03"
"KAR","KAR_B03","2017-12-23 17:33:38","eland",1,"2017-12-23","17:33:38"
"KAR","KAR_E01","2017-11-29 18:17:12","gemsbokoryx",1,"2017-11-29","18:17:12"
"KAR","KAR_B02","2017-10-20 03:21:36","baboon",1,"2017-10-20","03:21:36"
"KAR","KAR_C03","2017-12-27 01:03:07","steenbok",1,"2017-12-27","01:03:07"
"KAR","KAR_E01","2017-11-25 21:13:28","jackalblackbacked",1,"2017-11-25","21:13:28"
"KAR","KAR_E01","2017-10-24 14:48:06","duikercommon",1,"2017-10-24","14:48:06"
"KAR","KAR_C03","2017-11-15 17:01:22","baboon",1,"2017-11-15","17:01:22"
"KAR","KAR_B02","2018-01-23 05:23:34","jackalblackbacked",1,"2018-01-23","05:23:34"
"KAR","KAR_E01","2017-10-06 18:22:12","springbok",1,"2017-10-06","18:22:12"
"KAR","KAR_B03","2018-01-21 17:34:35","eland",1,"2018-01-21","17:34:35"
"KAR","KAR_E02","2018-01-24 08:18:54","kudu",1,"2018-01-24","08:18:54"
"KAR","KAR_A02","2018-01-06 03:49:57","jackalblackbacked",1,"2018-01-06","03:49:57"
"KAR","KAR_B03","2018-02-03 20:07:22","hartebeestred",1,"2018-02-03","20:07:22"
"KAR","KAR_B03","2018-02-04 17:41:21","kudu",1,"2018-02-04","17:41:21"
"KAR","KAR_C03","2017-11-07 17:01:41","zebramountain",2,"2017-11-07","17:01:41"
"KAR","KAR_D03","2017-12-17 08:23:05","zebramountain",1,"2017-12-17","08:23:05"
"KAR","KAR_D04","2017-12-26 14:32:23","kudu",1,"2017-12-26","14:32:23"
"KAR","KAR_D03","2017-11-13 04:13:31","eland",1,"2017-11-13","04:13:31"
"KAR","KAR_C03","2018-01-29 03:06:59","kudu",1,"2018-01-29","03:06:59"
"KAR","KAR_E03","2018-01-07 07:25:59","birdother",1,"2018-01-07","07:25:59"
"KAR","KAR_B03","2018-01-24 09:24:59","eland",3,"2018-01-24","09:24:59"
"KAR","KAR_C02","2017-10-07 07:46:36","bustardkori",3,"2017-10-07","07:46:36"
"KAR","KAR_D04","2017-11-01 05:35:23","duikercommon",1,"2017-11-01","05:35:23"
"KAR","KAR_B03","2018-01-04 05:30:57","steenbok",1,"2018-01-04","05:30:57"
"KAR","KAR_B03","2017-11-30 19:28:05","rhebokgrey",1,"2017-11-30","19:28:05"
"KAR","KAR_D04","2017-12-01 16:17:36","gemsbokoryx",1,"2017-12-01","16:17:36"
"KAR","KAR_A02","2018-01-23 08:45:52","gemsbokoryx",1,"2018-01-23","08:45:52"
"KAR","KAR_C03","2018-02-03 19:46:04","kudu",1,"2018-02-03","19:46:04"
"KAR","KAR_E03","2018-01-28 17:57:16","kudu",1,"2018-01-28","17:57:16"
"KAR","KAR_D04","2018-01-26 03:13:54","hartebeestred",2,"2018-01-26","03:13:54"
"KAR","KAR_B03","2018-01-05 06:43:40","bustardludwigs",1,"2018-01-05","06:43:40"
"KAR","KAR_D01","2017-12-02 19:23:26","zebramountain",1,"2017-12-02","19:23:26"
"KAR","KAR_E01","2017-10-10 11:50:28","gemsbokoryx",1,"2017-10-10","11:50:28"
"KAR","KAR_B03","2017-12-06 20:18:28","kudu",1,"2017-12-06","20:18:28"
"KAR","KAR_A02","2018-01-13 19:32:30","gemsbokoryx",1,"2018-01-13","19:32:30"
"KAR","KAR_C03","2018-01-20 07:49:11","kudu",1,"2018-01-20","07:49:11"
"KAR","KAR_B03","2017-12-29 10:31:07","baboon",1,"2017-12-29","10:31:07"
"KAR","KAR_E03","2018-01-24 13:15:03","duikercommon",1,"2018-01-24","13:15:03"
"KAR","KAR_D04","2017-12-03 02:27:24","gemsbokoryx",2,"2017-12-03","02:27:24"
"KAR","KAR_D01","2017-10-08 05:55:28","hartebeestred",1,"2017-10-08","05:55:28"
"KAR","KAR_A01","2017-11-19 13:53:04","kudu",1,"2017-11-19","13:53:04"
"KAR","KAR_D04","2018-01-18 05:04:28","baboon",1,"2018-01-18","05:04:28"
"KAR","KAR_D04","2018-01-29 00:09:06","hartebeestred",1,"2018-01-29","00:09:06"
"KAR","KAR_B03","2018-01-29 10:52:59","jackalblackbacked",1,"2018-01-29","10:52:59"
"KAR","KAR_B02","2017-12-18 20:38:08","gemsbokoryx",2,"2017-12-18","20:38:08"
"KAR","KAR_A01","2018-02-05 14:26:27","hartebeestred",2,"2018-02-05","14:26:27"
"KAR","KAR_B02","2018-02-03 08:11:10","steenbok",2,"2018-02-03","08:11:10"
"KAR","KAR_C03","2017-10-08 04:42:46","kudu",3,"2017-10-08","04:42:46"
"KAR","KAR_C03","2017-12-11 12:51:30","gemsbokoryx",1,"2017-12-11","12:51:30"
"KAR","KAR_B02","2018-01-22 13:02:41","birdother",1,"2018-01-22","13:02:41"
"KAR","KAR_E02","2017-12-28 07:16:02","foxcape",1,"2017-12-28","07:16:02"
"KAR","KAR_D03","2018-01-14 17:51:22","kudu",1,"2018-01-14","17:51:22"
"KAR","KAR_D04","2017-11-01 10:21:45","gemsbokoryx",1,"2017-11-01","10:21:45"
"KAR","KAR_B01","2018-01-01 18:23:40","hartebeestred",1,"2018-01-01","18:23:40"
"KAR","KAR_B02","2017-11-08 17:42:59","hartebeestred",1,"2017-11-08","17:42:59"
"KAR","KAR_B03","2017-12-06 17:04:57","zebramountain",1,"2017-12-06","17:04:57"
"KAR","KAR_E01","2018-01-04 16:23:19","bustardkori",2,"2018-01-04","16:23:19"
"KAR","KAR_B03","2017-11-15 16:30:01","steenbok",1,"2017-11-15","16:30:01"
"KAR","KAR_B02","2018-01-25 10:09:46","gemsbokoryx",1,"2018-01-25","10:09:46"
"KAR","KAR_D04","2018-01-27 22:35:57","eland",1,"2018-01-27","22:35:57"
"KAR","KAR_A01","2018-01-30 10:09:21","gemsbokoryx",1,"2018-01-30","10:09:21"
"KAR","KAR_D01","2017-10-27 02:18:45","gemsbokoryx",2,"2017-10-27","02:18:45"
"KAR","KAR_C03","2018-02-05 13:03:16","steenbok",1,"2018-02-05","13:03:16"
"KAR","KAR_D04","2017-12-02 14:41:48","gemsbokoryx",1,"2017-12-02","14:41:48"
"KAR","KAR_B03","2017-11-26 10:15:16","gemsbokoryx",1,"2017-11-26","10:15:16"
"KAR","KAR_D04","2017-10-05 08:01:16","baboon",1,"2017-10-05","08:01:16"
"KAR","KAR_B01","2018-01-23 08:05:23","zebramountain",1,"2018-01-23","08:05:23"
"KAR","KAR_B02","2018-01-20 16:42:58","birdother",1,"2018-01-20","16:42:58"
"KAR","KAR_E01","2017-12-10 01:04:03","gemsbokoryx",2,"2017-12-10","01:04:03"
"KAR","KAR_A02","2017-10-29 15:07:15","gemsbokoryx",1,"2017-10-29","15:07:15"
"KAR","KAR_B02","2018-01-30 13:39:15","gemsbokoryx",1,"2018-01-30","13:39:15"
"KAR","KAR_B03","2017-10-26 08:46:04","duikercommon",1,"2017-10-26","08:46:04"
"KAR","KAR_C02","2018-01-05 23:06:19","hartebeestred",1,"2018-01-05","23:06:19"
"KAR","KAR_E01","2017-12-19 15:05:09","caracal",1,"2017-12-19","15:05:09"
"KAR","KAR_A01","2018-01-26 09:11:29","eland",1,"2018-01-26","09:11:29"
"KAR","KAR_B02","2018-01-04 06:53:09","kudu",1,"2018-01-04","06:53:09"
"KAR","KAR_E01","2017-11-09 20:20:25","lionmale",2,"2017-11-09","20:20:25"
"KAR","KAR_A02","2017-12-03 12:34:48","eland",1,"2017-12-03","12:34:48"
"KAR","KAR_B03","2017-11-20 01:05:46","zebramountain",2,"2017-11-20","01:05:46"
"KAR","KAR_D04","2017-10-21 10:37:08","gemsbokoryx",1,"2017-10-21","10:37:08"
"KAR","KAR_B03","2017-12-06 04:41:29","gemsbokoryx",1,"2017-12-06","04:41:29"
"KAR","KAR_B01","2017-11-08 19:40:33","gemsbokoryx",1,"2017-11-08","19:40:33"
"KAR","KAR_D04","2018-01-31 11:40:42","kudu",1,"2018-01-31","11:40:42"
"KAR","KAR_D01","2018-01-26 16:27:27","kudu",1,"2018-01-26","16:27:27"
"KAR","KAR_B02","2018-02-02 22:48:05","gemsbokoryx",1,"2018-02-02","22:48:05"
"KAR","KAR_E01","2017-11-07 02:01:33","jackalblackbacked",1,"2017-11-07","02:01:33"
"KAR","KAR_B03","2018-01-26 15:33:59","springbok",1,"2018-01-26","15:33:59"
"KAR","KAR_E02","2017-11-04 11:20:40","porcupine",1,"2017-11-04","11:20:40"
"KAR","KAR_C02","2017-12-31 11:37:45","porcupine",1,"2017-12-31","11:37:45"
"KAR","KAR_C02","2018-01-31 18:37:35","bustardkori",1,"2018-01-31","18:37:35"
"KAR","KAR_E02","2017-12-16 07:55:58","jackalblackbacked",1,"2017-12-16","07:55:58"
"KAR","KAR_E01","2017-12-11 00:24:37","baboon",2,"2017-12-11","00:24:37"
"KAR","KAR_D01","2017-11-02 09:02:05","kudu",1,"2017-11-02","09:02:05"
"KAR","KAR_C02","2017-10-18 08:03:56","kudu",1,"2017-10-18","08:03:56"
"KAR","KAR_E02","2018-02-05 03:12:11","jackalblackbacked",1,"2018-02-05","03:12:11"
"KAR","KAR_E03","2017-11-15 13:30:30","kudu",1,"2017-11-15","13:30:30"
"KAR","KAR_B03","2017-11-29 06:49:38","baboon",1,"2017-11-29","06:49:38"
"KAR","KAR_B03","2017-11-20 05:21:52","eland",1,"2017-11-20","05:21:52"
"KAR","KAR_D01","2017-10-16 06:56:35","baboon",1,"2017-10-16","06:56:35"
"KAR","KAR_B03","2018-01-28 07:48:57","springbok",1,"2018-01-28","07:48:57"
"KAR","KAR_E01","2017-10-20 10:28:28","jackalblackbacked",1,"2017-10-20","10:28:28"
"KAR","KAR_B02","2017-10-28 15:05:33","kudu",1,"2017-10-28","15:05:33"
"KAR","KAR_E02","2017-11-26 19:35:08","kudu",1,"2017-11-26","19:35:08"
"KAR","KAR_A02","2017-11-17 11:43:11","kudu",1,"2017-11-17","11:43:11"
"KAR","KAR_E01","2018-01-22 17:01:49","eland",1,"2018-01-22","17:01:49"
"KAR","KAR_C02","2018-01-29 04:01:20","kudu",1,"2018-01-29","04:01:20"
"KAR","KAR_A02","2018-01-29 04:55:20","gemsbokoryx",1,"2018-01-29","04:55:20"
"KAR","KAR_E03","2017-12-09 19:47:01","baboon",1,"2017-12-09","19:47:01"
"KAR","KAR_E01","2017-12-14 08:37:43","gemsbokoryx",1,"2017-12-14","08:37:43"
"KAR","KAR_B02","2018-02-04 01:00:13","rhinocerosblack",1,"2018-02-04","01:00:13"
"KAR","KAR_C03","2017-12-12 18:11:02","kudu",1,"2017-12-12","18:11:02"
"KAR","KAR_B01","2017-11-28 07:51:17","porcupine",1,"2017-11-28","07:51:17"
"KAR","KAR_E03","2017-11-20 13:22:12","rhinocerosblack",1,"2017-11-20","13:22:12"
"KAR","KAR_A01","2017-10-14 22:45:46","kudu",1,"2017-10-14","22:45:46"
"KAR","KAR_E01","2017-11-01 14:58:07","gemsbokoryx",1,"2017-11-01","14:58:07"
"KAR","KAR_C02","2018-02-01 19:54:51","zebramountain",1,"2018-02-01","19:54:51"
"KAR","KAR_E01","2017-11-03 23:44:50","springbok",2,"2017-11-03","23:44:50"
"KAR","KAR_E03","2018-01-17 02:54:45","bustardkori",1,"2018-01-17","02:54:45"
"KAR","KAR_A01","2017-10-25 21:06:33","eland",1,"2017-10-25","21:06:33"
"KAR","KAR_B02","2017-11-30 21:33:04","springbok",1,"2017-11-30","21:33:04"
"KAR","KAR_B03","2018-01-23 16:33:11","gemsbokoryx",1,"2018-01-23","16:33:11"
"KAR","KAR_A01","2017-11-02 08:01:10","jackalblackbacked",1,"2017-11-02","08:01:10"
"KAR","KAR_D04","2017-11-23 18:08:38","baboon",1,"2017-11-23","18:08:38"
"KAR","KAR_A01","2017-10-28 14:19:49","kudu",1,"2017-10-28","14:19:49"
"KAR","KAR_B02","2017-10-10 07:42:44","gemsbokoryx",1,"2017-10-10","07:42:44"
"KAR","KAR_A02","2018-01-29 20:16:54","kudu",1,"2018-01-29","20:16:54"
"KAR","KAR_D01","2018-02-02 11:48:43","gemsbokoryx",1,"2018-02-02","11:48:43"
"KAR","KAR_E02","2018-01-09 11:50:39","kudu",1,"2018-01-09","11:50:39"
"KAR","KAR_E01","2018-01-29 00:24:23","eland",1,"2018-01-29","00:24:23"
"KAR","KAR_D04","2017-12-01 18:25:53","steenbok",1,"2017-12-01","18:25:53"
"KAR","KAR_D01","2018-01-08 00:00:29","gemsbokoryx",1,"2018-01-08","00:00:29"
"KAR","KAR_D01","2017-12-17 23:32:33","steenbok",1,"2017-12-17","23:32:33"
"KAR","KAR_B02","2017-10-06 01:06:36","kudu",1,"2017-10-06","01:06:36"
"KAR","KAR_E03","2018-01-08 09:20:20","hare",1,"2018-01-08","09:20:20"
"KAR","KAR_B02","2017-12-20 07:02:39","gemsbokoryx",1,"2017-12-20","07:02:39"
"KAR","KAR_C02","2018-02-01 13:52:39","springbok",1,"2018-02-01","13:52:39"
"KAR","KAR_E03","2018-01-31 20:23:29","monkeyvervet",1,"2018-01-31","20:23:29"
"KAR","KAR_C02","2017-10-18 09:04:01","eland",1,"2017-10-18","09:04:01"
"KAR","KAR_D04","2017-11-24 01:41:26","hartebeestred",1,"2017-11-24","01:41:26"
"KAR","KAR_A01","2018-02-04 14:55:37","jackalblackbacked",1,"2018-02-04","14:55:37"
"KAR","KAR_A01","2017-12-01 06:30:57","zebramountain",1,"2017-12-01","06:30:57"
"KAR","KAR_B03","2017-12-10 13:00:07","birdother",1,"2017-12-10","13:00:07"
"KAR","KAR_D01","2017-10-17 18:28:56","kudu",1,"2017-10-17","18:28:56"
"KAR","KAR_B02","2018-01-19 19:04:47","hartebeestred",1,"2018-01-19","19:04:47"
"KAR","KAR_B03","2018-01-08 22:11:26","hare",1,"2018-01-08","22:11:26"
"KAR","KAR_D04","2018-02-02 06:43:02","gemsbokoryx",1,"2018-02-02","06:43:02"
"KAR","KAR_E01","2017-10-11 10:22:45","gemsbokoryx",1,"2017-10-11","10:22:45"
"KAR","KAR_E02","2018-01-05 01:20:55","hartebeestred",1,"2018-01-05","01:20:55"
"KAR","KAR_B03","2017-11-25 06:18:17","kudu",1,"2017-11-25","06:18:17"
"KAR","KAR_D01","2018-01-03 13:11:46","kudu",1,"2018-01-03","13:11:46"
"KAR","KAR_B02","2017-12-30 15:23:36","kudu",1,"2017-12-30","15:23:36"
"KAR","KAR_D04","2017-12-06 15:21:35","kudu",1,"2017-12-06","15:21:35"
"KAR","KAR_A02","2017-10-15 06:11:21","gemsbokoryx",1,"2017-10-15","06:11:21"
"KAR","KAR_B02","2017-12-03 05:12:01","springbok",1,"2017-12-03","05:12:01"
"KAR","KAR_E01","2017-11-04 14:42:34","birdother",1,"2017-11-04","14:42:34"
"KAR","KAR_A02","2018-01-27 09:13:38","gemsbokoryx",1,"2018-01-27","09:13:38"
"KAR","KAR_E03","2017-11-20 05:59:28","jackalblackbacked",1,"2017-11-20","05:59:28"
"KAR","KAR_B03","2018-01-25 12:03:37","steenbok",1,"2018-01-25","12:03:37"
"KAR","KAR_E03","2018-02-06 02:51:41","jackalblackbacked",1,"2018-02-06","02:51:41"
"KAR","KAR_B03","2017-10-31 15:42:00","gemsbokoryx",1,"2017-10-31","15:42:00"
"KAR","KAR_E01","2017-11-01 04:17:39","kudu",1,"2017-11-01","04:17:39"
"KAR","KAR_E01","2017-10-29 05:48:22","gemsbokoryx",1,"2017-10-29","05:48:22"
"KAR","KAR_D01","2018-01-04 22:46:33","hartebeestred",1,"2018-01-04","22:46:33"
"KAR","KAR_A01","2017-12-19 05:12:15","hartebeestred",1,"2017-12-19","05:12:15"
"KAR","KAR_B02","2018-01-14 10:19:18","hartebeestred",1,"2018-01-14","10:19:18"
"KAR","KAR_A01","2017-12-10 11:19:43","kudu",1,"2017-12-10","11:19:43"
"KAR","KAR_B03","2017-10-23 00:00:28","gemsbokoryx",1,"2017-10-23","00:00:28"
"KAR","KAR_A01","2017-12-25 10:00:24","porcupine",1,"2017-12-25","10:00:24"
"KAR","KAR_B03","2018-01-17 08:54:02","hartebeestred",1,"2018-01-17","08:54:02"
"KAR","KAR_C03","2017-12-10 03:55:44","kudu",1,"2017-12-10","03:55:44"
"KAR","KAR_E03","2018-01-29 11:12:59","eland",2,"2018-01-29","11:12:59"
"KAR","KAR_B01","2017-12-30 19:03:59","gemsbokoryx",1,"2017-12-30","19:03:59"
"KAR","KAR_C02","2018-01-05 01:24:51","kudu",1,"2018-01-05","01:24:51"
"KAR","KAR_B03","2017-10-06 07:07:49","gemsbokoryx",1,"2017-10-06","07:07:49"
"KAR","KAR_B03","2017-12-02 01:27:02","baboon",1,"2017-12-02","01:27:02"
"KAR","KAR_E03","2018-01-29 01:00:08","baboon",1,"2018-01-29","01:00:08"
"KAR","KAR_A01","2018-01-05 00:46:06","zebramountain",1,"2018-01-05","00:46:06"
"KAR","KAR_D03","2018-01-15 01:29:22","gemsbokoryx",1,"2018-01-15","01:29:22"
"KAR","KAR_B03","2017-12-30 17:23:07","jackalblackbacked",1,"2017-12-30","17:23:07"
"KAR","KAR_D01","2017-12-11 22:12:46","kudu",1,"2017-12-11","22:12:46"
"KAR","KAR_E01","2017-11-15 12:15:27","kudu",1,"2017-11-15","12:15:27"
"KAR","KAR_B03","2018-01-06 06:12:26","eland",1,"2018-01-06","06:12:26"
"KAR","KAR_E03","2017-11-01 09:43:06","gemsbokoryx",1,"2017-11-01","09:43:06"
"KAR","KAR_E03","2018-01-12 14:33:31","baboon",1,"2018-01-12","14:33:31"
"KAR","KAR_D03","2017-10-21 22:56:22","duikercommon",1,"2017-10-21","22:56:22"
"KAR","KAR_A01","2018-01-04 10:58:18","gemsbokoryx",1,"2018-01-04","10:58:18"
"KAR","KAR_D03","2018-01-28 19:08:42","springbok",1,"2018-01-28","19:08:42"
"KAR","KAR_B02","2018-01-27 14:35:58","kudu",1,"2018-01-27","14:35:58"
"KAR","KAR_A02","2018-01-12 12:05:23","reedbuckmountain",1,"2018-01-12","12:05:23"
"KAR","KAR_B02","2018-01-04 05:32:53","kudu",1,"2018-01-04","05:32:53"
"KAR","KAR_D01","2017-12-09 17:39:29","kudu",1,"2017-12-09","17:39:29"
"KAR","KAR_B02","2017-10-27 09:07:43","birdother",1,"2017-10-27","09:07:43"
"KAR","KAR_A01","2017-12-04 06:31:00","eland",1,"2017-12-04","06:31:00"
"KAR","KAR_B03","2017-12-06 15:52:04","gemsbokoryx",1,"2017-12-06","15:52:04"
"KAR","KAR_D01","2018-01-10 11:22:59","kudu",1,"2018-01-10","11:22:59"
"KAR","KAR_E01","2017-12-27 14:09:50","springbok",1,"2017-12-27","14:09:50"
"KAR","KAR_D04","2018-01-12 13:08:40","eland",1,"2018-01-12","13:08:40"
"KAR","KAR_B03","2018-01-12 06:33:27","kudu",1,"2018-01-12","06:33:27"
"KAR","KAR_B02","2017-10-28 05:39:36","baboon",1,"2017-10-28","05:39:36"
"KAR","KAR_E01","2017-10-07 21:42:04","zebramountain",1,"2017-10-07","21:42:04"
"KAR","KAR_B02","2017-11-26 15:18:35","kudu",1,"2017-11-26","15:18:35"
"KAR","KAR_A02","2018-01-24 18:06:23","kudu",1,"2018-01-24","18:06:23"
"KAR","KAR_B03","2017-12-07 18:32:00","eland",1,"2017-12-07","18:32:00"
"KAR","KAR_E01","2017-12-14 15:16:46","eland",1,"2017-12-14","15:16:46"
"KAR","KAR_B01","2017-12-07 05:44:57","kudu",2,"2017-12-07","05:44:57"
"KAR","KAR_B03","2017-11-28 20:27:03","gemsbokoryx",1,"2017-11-28","20:27:03"
"KAR","KAR_A01","2018-01-12 12:22:20","jackalblackbacked",1,"2018-01-12","12:22:20"
"KAR","KAR_B01","2018-01-28 19:33:08","gemsbokoryx",1,"2018-01-28","19:33:08"
"KAR","KAR_D03","2017-10-20 05:54:49","eland",1,"2017-10-20","05:54:49"
"KAR","KAR_B03","2017-10-29 03:42:04","zebramountain",1,"2017-10-29","03:42:04"
"KAR","KAR_D01","2017-11-25 08:07:26","monkeyvervet",1,"2017-11-25","08:07:26"
"KAR","KAR_B03","2017-10-09 17:36:05","wildebeestblue",1,"2017-10-09","17:36:05"
"KAR","KAR_B02","2018-01-30 23:29:12","kudu",1,"2018-01-30","23:29:12"
"KAR","KAR_A02","2018-01-04 20:31:43","bustardkori",2,"2018-01-04","20:31:43"
"KAR","KAR_C02","2017-11-01 05:43:57","kudu",2,"2017-11-01","05:43:57"
"KAR","KAR_B03","2018-01-06 17:23:38","eland",1,"2018-01-06","17:23:38"
"KAR","KAR_C02","2017-11-27 15:42:09","hartebeestred",1,"2017-11-27","15:42:09"
"KAR","KAR_B02","2017-11-11 03:55:25","kudu",1,"2017-11-11","03:55:25"
"KAR","KAR_A01","2017-10-29 15:40:48","springbok",1,"2017-10-29","15:40:48"
"KAR","KAR_B03","2018-01-26 11:26:31","ostrich",1,"2018-01-26","11:26:31"
"KAR","KAR_A01","2018-01-08 13:39:37","kudu",1,"2018-01-08","13:39:37"
"KAR","KAR_E03","2018-02-03 11:06:06","hartebeestred",1,"2018-02-03","11:06:06"
"KAR","KAR_B01","2017-12-10 03:28:48","gemsbokoryx",1,"2017-12-10","03:28:48"
"KAR","KAR_E01","2017-12-19 06:20:54","jackalblackbacked",1,"2017-12-19","06:20:54"
"KAR","KAR_C02","2018-01-10 19:13:38","jackalblackbacked",1,"2018-01-10","19:13:38"
"KAR","KAR_D03","2017-10-27 06:56:21","birdother",1,"2017-10-27","06:56:21"
"KAR","KAR_D01","2018-01-16 22:34:38","gemsbokoryx",1,"2018-01-16","22:34:38"
"KAR","KAR_B02","2017-10-10 20:15:47","bustardludwigs",1,"2017-10-10","20:15:47"
"KAR","KAR_B02","2018-01-04 23:48:00","eland",1,"2018-01-04","23:48:00"
"KAR","KAR_A01","2017-10-05 18:25:04","springbok",1,"2017-10-05","18:25:04"
"KAR","KAR_B03","2017-11-29 15:56:35","gemsbokoryx",1,"2017-11-29","15:56:35"
"KAR","KAR_A01","2017-12-03 13:23:22","birdother",2,"2017-12-03","13:23:22"
"KAR","KAR_D04","2017-12-06 05:16:43","gemsbokoryx",1,"2017-12-06","05:16:43"
"KAR","KAR_E01","2018-01-31 19:48:33","springbok",1,"2018-01-31","19:48:33"
"KAR","KAR_C02","2018-01-28 16:11:45","kudu",1,"2018-01-28","16:11:45"
"KAR","KAR_A02","2017-12-15 23:44:11","kudu",2,"2017-12-15","23:44:11"
"KAR","KAR_B03","2017-10-16 07:42:01","duikercommon",1,"2017-10-16","07:42:01"
"KAR","KAR_B03","2018-01-29 11:43:03","hartebeestred",1,"2018-01-29","11:43:03"
"KAR","KAR_C02","2017-12-19 16:29:01","gemsbokoryx",1,"2017-12-19","16:29:01"
"KAR","KAR_E01","2017-10-22 07:29:51","duikercommon",2,"2017-10-22","07:29:51"
"KAR","KAR_E01","2017-12-04 18:28:06","jackalblackbacked",2,"2017-12-04","18:28:06"
"KAR","KAR_D01","2018-01-30 07:20:54","eland",2,"2018-01-30","07:20:54"
"KAR","KAR_E01","2017-11-19 11:54:14","kudu",1,"2017-11-19","11:54:14"
"KAR","KAR_D01","2018-01-28 05:15:47","zebramountain",2,"2018-01-28","05:15:47"
"KAR","KAR_C02","2017-12-19 10:31:19","gemsbokoryx",1,"2017-12-19","10:31:19"
"KAR","KAR_D04","2017-10-07 11:17:52","kudu",1,"2017-10-07","11:17:52"
"KAR","KAR_A01","2017-10-10 18:09:12","hartebeestred",1,"2017-10-10","18:09:12"
"KAR","KAR_A01","2017-11-22 08:33:42","eland",1,"2017-11-22","08:33:42"
"KAR","KAR_E02","2018-02-05 14:48:12","steenbok",1,"2018-02-05","14:48:12"
"KAR","KAR_A02","2017-10-17 07:34:50","gemsbokoryx",1,"2017-10-17","07:34:50"
"KAR","KAR_A01","2018-02-02 13:30:15","hartebeestred",2,"2018-02-02","13:30:15"
"KAR","KAR_B03","2017-12-11 20:01:42","kudu",1,"2017-12-11","20:01:42"
"KAR","KAR_B03","2017-10-07 01:50:16","hartebeestred",2,"2017-10-07","01:50:16"
"KAR","KAR_B03","2017-10-09 01:05:33","baboon",1,"2017-10-09","01:05:33"
"KAR","KAR_C02","2017-12-29 04:53:47","kudu",2,"2017-12-29","04:53:47"
"KAR","KAR_C02","2017-12-21 16:00:05","steenbok",1,"2017-12-21","16:00:05"
"KAR","KAR_D01","2017-11-09 17:00:35","gemsbokoryx",1,"2017-11-09","17:00:35"
"KAR","KAR_D03","2017-11-15 07:52:50","springbok",1,"2017-11-15","07:52:50"
"KAR","KAR_C03","2018-01-15 22:17:37","gemsbokoryx",1,"2018-01-15","22:17:37"
"KAR","KAR_B02","2017-10-08 00:46:53","gemsbokoryx",1,"2017-10-08","00:46:53"
"KAR","KAR_E01","2017-12-01 22:13:14","gemsbokoryx",1,"2017-12-01","22:13:14"
"KAR","KAR_B02","2018-02-03 04:13:18","porcupine",1,"2018-02-03","04:13:18"
"KAR","KAR_B02","2017-12-21 16:30:07","gemsbokoryx",1,"2017-12-21","16:30:07"
"KAR","KAR_D04","2017-12-29 13:52:53","gemsbokoryx",1,"2017-12-29","13:52:53"
"KAR","KAR_A01","2017-10-21 23:36:11","springbok",1,"2017-10-21","23:36:11"
"KAR","KAR_D01","2017-11-19 16:36:56","eland",1,"2017-11-19","16:36:56"
"KAR","KAR_C02","2018-01-28 07:46:25","gemsbokoryx",1,"2018-01-28","07:46:25"
"KAR","KAR_B02","2018-01-03 07:39:36","jackalblackbacked",1,"2018-01-03","07:39:36"
"KAR","KAR_C02","2018-02-01 18:19:27","baboon",1,"2018-02-01","18:19:27"
"KAR","KAR_A01","2018-01-08 19:38:04","baboon",1,"2018-01-08","19:38:04"
"KAR","KAR_D03","2017-12-20 09:09:53","gemsbokoryx",1,"2017-12-20","09:09:53"
"KAR","KAR_A01","2017-11-29 13:06:24","eland",1,"2017-11-29","13:06:24"
"KAR","KAR_A01","2017-10-21 17:44:35","gemsbokoryx",1,"2017-10-21","17:44:35"
"KAR","KAR_D04","2017-10-14 21:57:04","eland",1,"2017-10-14","21:57:04"
"KAR","KAR_A02","2017-11-01 10:53:36","eland",1,"2017-11-01","10:53:36"
"KAR","KAR_B01","2017-11-21 14:36:11","eland",1,"2017-11-21","14:36:11"
"KAR","KAR_A01","2018-01-22 17:34:04","zebraburchells",1,"2018-01-22","17:34:04"
"KAR","KAR_E03","2018-01-25 07:28:54","steenbok",1,"2018-01-25","07:28:54"
"KAR","KAR_B03","2018-01-29 18:07:38","kudu",2,"2018-01-29","18:07:38"
"KAR","KAR_D04","2018-01-12 13:35:15","springbok",1,"2018-01-12","13:35:15"
"KAR","KAR_B02","2017-12-03 00:40:37","springbok",1,"2017-12-03","00:40:37"
"KAR","KAR_B01","2017-10-13 08:55:23","gemsbokoryx",1,"2017-10-13","08:55:23"
"KAR","KAR_E02","2017-12-04 07:01:34","zebramountain",1,"2017-12-04","07:01:34"
"KAR","KAR_B03","2017-12-03 07:10:39","springbok",1,"2017-12-03","07:10:39"
"KAR","KAR_A01","2017-12-10 04:34:36","gemsbokoryx",1,"2017-12-10","04:34:36"
"KAR","KAR_A01","2018-01-12 14:10:18","eland",1,"2018-01-12","14:10:18"
"KAR","KAR_A01","2017-10-21 21:36:39","gemsbokoryx",1,"2017-10-21","21:36:39"
"KAR","KAR_D04","2018-01-03 22:57:31","hartebeestred",1,"2018-01-03","22:57:31"
"KAR","KAR_A02","2018-01-03 19:42:10","hartebeestred",1,"2018-01-03","19:42:10"
"KAR","KAR_B01","2017-11-21 04:23:19","springbok",1,"2017-11-21","04:23:19"
"KAR","KAR_D01","2017-12-22 08:50:52","eland",1,"2017-12-22","08:50:52"
"KAR","KAR_D04","2018-01-04 20:59:13","jackalblackbacked",2,"2018-01-04","20:59:13"
"KAR","KAR_D04","2017-10-15 03:42:00","gemsbokoryx",1,"2017-10-15","03:42:00"
"KAR","KAR_A01","2017-12-02 19:08:04","zebramountain",1,"2017-12-02","19:08:04"
"KAR","KAR_B03","2017-10-13 04:42:44","kudu",2,"2017-10-13","04:42:44"
"KAR","KAR_E02","2018-01-22 11:40:38","hare",1,"2018-01-22","11:40:38"
"KAR","KAR_A02","2017-12-01 15:56:54","zebramountain",1,"2017-12-01","15:56:54"
"KAR","KAR_A02","2017-11-29 15:36:04","hartebeestred",1,"2017-11-29","15:36:04"
"KAR","KAR_B01","2018-02-01 06:00:57","gemsbokoryx",1,"2018-02-01","06:00:57"
"KAR","KAR_E01","2017-10-08 16:28:27","kudu",1,"2017-10-08","16:28:27"
"KAR","KAR_D03","2018-01-25 09:58:38","kudu",1,"2018-01-25","09:58:38"
"KAR","KAR_B02","2018-02-01 07:12:41","kudu",1,"2018-02-01","07:12:41"
"KAR","KAR_A01","2017-12-14 17:09:05","gemsbokoryx",1,"2017-12-14","17:09:05"
"KAR","KAR_B02","2018-01-02 10:05:44","eland",1,"2018-01-02","10:05:44"
"KAR","KAR_B02","2018-01-08 06:03:02","hartebeestred",1,"2018-01-08","06:03:02"
"KAR","KAR_E02","2017-10-08 00:33:29","springbok",1,"2017-10-08","00:33:29"
"KAR","KAR_A01","2017-12-19 08:53:31","springbok",1,"2017-12-19","08:53:31"
"KAR","KAR_B03","2017-12-12 21:09:35","gemsbokoryx",1,"2017-12-12","21:09:35"
"KAR","KAR_A01","2017-12-26 04:21:48","gemsbokoryx",1,"2017-12-26","04:21:48"
"KAR","KAR_B02","2017-12-01 18:56:19","kudu",1,"2017-12-01","18:56:19"
"KAR","KAR_B02","2017-10-23 22:13:55","baboon",1,"2017-10-23","22:13:55"
"KAR","KAR_B03","2017-10-29 19:38:15","birdother",1,"2017-10-29","19:38:15"
"KAR","KAR_B03","2017-10-26 11:07:57","jackalblackbacked",2,"2017-10-26","11:07:57"
"KAR","KAR_E03","2017-11-21 08:27:50","hare",1,"2017-11-21","08:27:50"
"KAR","KAR_C03","2017-11-13 02:26:55","zebramountain",2,"2017-11-13","02:26:55"
"KAR","KAR_E03","2017-10-20 14:34:11","kudu",2,"2017-10-20","14:34:11"
"KAR","KAR_D04","2017-12-03 05:45:43","zebramountain",1,"2017-12-03","05:45:43"
"KAR","KAR_B02","2017-12-10 13:31:01","zebramountain",1,"2017-12-10","13:31:01"
"KAR","KAR_E03","2017-10-08 01:18:52","gemsbokoryx",2,"2017-10-08","01:18:52"
"KAR","KAR_B03","2017-11-19 07:23:54","eland",1,"2017-11-19","07:23:54"
"KAR","KAR_B02","2017-12-19 10:35:00","baboon",1,"2017-12-19","10:35:00"
"KAR","KAR_A01","2017-12-27 08:51:29","gemsbokoryx",1,"2017-12-27","08:51:29"
"KAR","KAR_B02","2017-12-25 17:33:53","kudu",1,"2017-12-25","17:33:53"
"KAR","KAR_A01","2018-01-29 14:19:46","kudu",1,"2018-01-29","14:19:46"
"KAR","KAR_B03","2017-12-03 01:28:37","gemsbokoryx",1,"2017-12-03","01:28:37"
"KAR","KAR_B02","2017-12-02 06:15:01","gemsbokoryx",1,"2017-12-02","06:15:01"
"KAR","KAR_B02","2017-12-29 11:21:15","kudu",1,"2017-12-29","11:21:15"
"KAR","KAR_B03","2018-01-04 15:25:42","zebramountain",1,"2018-01-04","15:25:42"
"KAR","KAR_D04","2017-12-19 21:59:22","eland",3,"2017-12-19","21:59:22"
"KAR","KAR_D04","2018-01-02 06:13:24","hartebeestred",1,"2018-01-02","06:13:24"
"KAR","KAR_B02","2017-12-22 17:46:12","gemsbokoryx",1,"2017-12-22","17:46:12"
"KAR","KAR_B03","2018-01-26 20:47:09","gemsbokoryx",2,"2018-01-26","20:47:09"
"KAR","KAR_D03","2017-12-06 14:42:00","springbok",1,"2017-12-06","14:42:00"
"KAR","KAR_D03","2018-01-21 10:47:39","kudu",1,"2018-01-21","10:47:39"
"KAR","KAR_B02","2017-11-29 12:38:13","bustardkori",1,"2017-11-29","12:38:13"
"KAR","KAR_A01","2018-01-28 06:45:29","foxbateared",1,"2018-01-28","06:45:29"
"KAR","KAR_A01","2018-01-29 12:31:23","steenbok",1,"2018-01-29","12:31:23"
"KAR","KAR_C02","2017-10-11 14:35:11","baboon",1,"2017-10-11","14:35:11"
"KAR","KAR_E03","2018-01-21 02:59:47","steenbok",1,"2018-01-21","02:59:47"
"KAR","KAR_E03","2018-02-03 16:32:06","duikercommon",1,"2018-02-03","16:32:06"
"KAR","KAR_A01","2017-11-18 19:14:06","gemsbokoryx",1,"2017-11-18","19:14:06"
"KAR","KAR_D01","2017-12-28 15:33:20","duikercommon",1,"2017-12-28","15:33:20"
"KAR","KAR_C03","2017-10-20 03:15:10","gemsbokoryx",1,"2017-10-20","03:15:10"
"KAR","KAR_C03","2017-12-08 18:28:35","reedbuckmountain",1,"2017-12-08","18:28:35"
"KAR","KAR_B02","2018-02-05 04:09:07","steenbok",1,"2018-02-05","04:09:07"
"KAR","KAR_F02","2017-12-27 15:53:00","kudu",1,"2017-12-27","15:53:00"
"KAR","KAR_B02","2017-10-28 12:40:04","gemsbokoryx",2,"2017-10-28","12:40:04"
"KAR","KAR_D04","2018-01-13 06:49:49","kudu",1,"2018-01-13","06:49:49"
"KAR","KAR_B03","2017-10-31 17:58:03","baboon",1,"2017-10-31","17:58:03"
"KAR","KAR_E01","2017-12-27 20:32:35","zebramountain",1,"2017-12-27","20:32:35"
"KAR","KAR_E02","2017-10-13 01:06:00","jackalblackbacked",1,"2017-10-13","01:06:00"
"KAR","KAR_D04","2017-11-15 03:08:08","duikercommon",1,"2017-11-15","03:08:08"
"KAR","KAR_B03","2018-02-03 06:16:16","kudu",1,"2018-02-03","06:16:16"
"KAR","KAR_E03","2017-10-21 11:12:06","birdother",1,"2017-10-21","11:12:06"
"KAR","KAR_B03","2017-10-18 17:22:31","gemsbokoryx",1,"2017-10-18","17:22:31"
"KAR","KAR_B03","2017-12-19 08:03:50","gemsbokoryx",1,"2017-12-19","08:03:50"
"KAR","KAR_C02","2017-12-30 06:32:04","gemsbokoryx",1,"2017-12-30","06:32:04"
"KAR","KAR_A01","2018-01-05 07:43:31","kudu",1,"2018-01-05","07:43:31"
"KAR","KAR_E01","2017-10-18 08:19:15","gemsbokoryx",1,"2017-10-18","08:19:15"
"KAR","KAR_C03","2017-12-20 00:49:08","gemsbokoryx",1,"2017-12-20","00:49:08"
"KAR","KAR_B01","2017-12-22 18:56:07","eland",1,"2017-12-22","18:56:07"
"KAR","KAR_D01","2017-12-27 22:31:10","eland",1,"2017-12-27","22:31:10"
"KAR","KAR_B02","2017-10-13 07:16:47","eland",2,"2017-10-13","07:16:47"
"KAR","KAR_B02","2018-02-06 18:31:44","baboon",1,"2018-02-06","18:31:44"
"KAR","KAR_A01","2017-11-03 11:14:08","gemsbokoryx",1,"2017-11-03","11:14:08"
"KAR","KAR_D03","2017-12-11 16:57:58","kudu",1,"2017-12-11","16:57:58"
"KAR","KAR_D01","2018-01-29 06:30:03","jackalblackbacked",2,"2018-01-29","06:30:03"
"KAR","KAR_A01","2018-01-19 03:26:33","springbok",1,"2018-01-19","03:26:33"
"KAR","KAR_E01","2017-11-01 12:48:04","kudu",4,"2017-11-01","12:48:04"
"KAR","KAR_B03","2018-02-01 18:13:33","birdother",1,"2018-02-01","18:13:33"
"KAR","KAR_C02","2018-01-08 15:33:44","gemsbokoryx",1,"2018-01-08","15:33:44"
"KAR","KAR_E03","2017-11-17 06:08:50","steenbok",1,"2017-11-17","06:08:50"
"KAR","KAR_D04","2017-10-21 05:23:49","hartebeestred",1,"2017-10-21","05:23:49"
"KAR","KAR_B02","2017-10-04 17:20:36","jackalblackbacked",1,"2017-10-04","17:20:36"
"KAR","KAR_B03","2017-12-12 07:33:50","gemsbokoryx",1,"2017-12-12","07:33:50"
"KAR","KAR_B03","2018-01-05 23:08:40","ostrich",1,"2018-01-05","23:08:40"
"KAR","KAR_E02","2018-01-12 13:28:19","jackalblackbacked",1,"2018-01-12","13:28:19"
"KAR","KAR_E01","2017-11-29 16:13:55","gemsbokoryx",1,"2017-11-29","16:13:55"
"KAR","KAR_B02","2017-10-28 09:00:21","gemsbokoryx",2,"2017-10-28","09:00:21"
"KAR","KAR_B02","2018-02-03 23:54:37","hartebeestred",1,"2018-02-03","23:54:37"
"KAR","KAR_B02","2018-01-14 03:12:04","baboon",1,"2018-01-14","03:12:04"
"KAR","KAR_B03","2017-12-28 05:55:54","eland",1,"2017-12-28","05:55:54"
"KAR","KAR_A02","2017-12-28 21:00:20","gemsbokoryx",1,"2017-12-28","21:00:20"
"KAR","KAR_D01","2018-01-03 11:27:35","kudu",1,"2018-01-03","11:27:35"
"KAR","KAR_A02","2018-02-02 00:09:55","steenbok",1,"2018-02-02","00:09:55"
"KAR","KAR_B03","2017-12-11 21:42:19","gemsbokoryx",2,"2017-12-11","21:42:19"
"KAR","KAR_A01","2017-12-03 00:12:05","kudu",1,"2017-12-03","00:12:05"
"KAR","KAR_A02","2018-01-26 20:51:09","birdother",1,"2018-01-26","20:51:09"
"KAR","KAR_E01","2017-12-11 09:07:38","baboon",1,"2017-12-11","09:07:38"
"KAR","KAR_E02","2017-11-30 06:22:46","hartebeestred",2,"2017-11-30","06:22:46"
"KAR","KAR_F02","2018-01-28 21:08:11","kudu",1,"2018-01-28","21:08:11"
"KAR","KAR_D03","2017-12-12 19:22:08","kudu",1,"2017-12-12","19:22:08"
"KAR","KAR_D03","2018-02-06 07:45:31","eland",2,"2018-02-06","07:45:31"
"KAR","KAR_D04","2017-10-20 15:05:25","jackalblackbacked",1,"2017-10-20","15:05:25"
"KAR","KAR_D01","2018-02-04 07:19:02","gemsbokoryx",1,"2018-02-04","07:19:02"
"KAR","KAR_B01","2018-01-14 14:33:53","kudu",1,"2018-01-14","14:33:53"
"KAR","KAR_D04","2018-01-27 06:03:37","gemsbokoryx",1,"2018-01-27","06:03:37"
"KAR","KAR_D03","2018-02-02 21:27:14","hartebeestred",1,"2018-02-02","21:27:14"
"KAR","KAR_A02","2018-01-11 22:47:41","baboon",1,"2018-01-11","22:47:41"
"KAR","KAR_B03","2018-02-03 06:08:44","gemsbokoryx",1,"2018-02-03","06:08:44"
"KAR","KAR_A01","2018-02-06 18:59:12","hartebeestred",1,"2018-02-06","18:59:12"
"KAR","KAR_D04","2017-11-10 08:15:39","gemsbokoryx",1,"2017-11-10","08:15:39"
"KAR","KAR_B03","2017-10-14 15:13:19","gemsbokoryx",1,"2017-10-14","15:13:19"
"KAR","KAR_B03","2018-01-30 11:35:49","gemsbokoryx",1,"2018-01-30","11:35:49"
"KAR","KAR_B03","2017-10-28 13:05:37","kudu",1,"2017-10-28","13:05:37"
"KAR","KAR_B02","2017-10-27 05:05:32","gemsbokoryx",1,"2017-10-27","05:05:32"
"KAR","KAR_A01","2018-01-29 14:19:46","reedbuckmountain",1,"2018-01-29","14:19:46"
"KAR","KAR_D04","2018-01-26 08:47:10","baboon",1,"2018-01-26","08:47:10"
"KAR","KAR_E01","2017-12-04 23:44:18","steenbok",1,"2017-12-04","23:44:18"
"KAR","KAR_A01","2017-12-25 06:19:22","lionfemale",3,"2017-12-25","06:19:22"
"KAR","KAR_E01","2018-01-13 09:08:13","gemsbokoryx",1,"2018-01-13","09:08:13"
"KAR","KAR_B03","2017-12-11 16:58:57","gemsbokoryx",1,"2017-12-11","16:58:57"
"KAR","KAR_D04","2018-01-23 22:01:55","zebramountain",1,"2018-01-23","22:01:55"
"KAR","KAR_C02","2017-12-17 08:18:34","hartebeestred",1,"2017-12-17","08:18:34"
"KAR","KAR_B02","2018-01-09 23:55:41","gemsbokoryx",1,"2018-01-09","23:55:41"
"KAR","KAR_D01","2018-01-06 12:35:25","gemsbokoryx",1,"2018-01-06","12:35:25"
"KAR","KAR_A01","2018-01-05 05:53:47","gemsbokoryx",1,"2018-01-05","05:53:47"
"KAR","KAR_A01","2017-12-23 07:21:25","gemsbokoryx",1,"2017-12-23","07:21:25"
"KAR","KAR_C02","2017-12-29 23:43:33","birdother",1,"2017-12-29","23:43:33"
"KAR","KAR_D03","2018-01-04 10:21:23","gemsbokoryx",1,"2018-01-04","10:21:23"
"KAR","KAR_B03","2017-12-29 05:23:10","kudu",1,"2017-12-29","05:23:10"
"KAR","KAR_B03","2017-11-11 03:59:00","baboon",1,"2017-11-11","03:59:00"
"KAR","KAR_B02","2017-12-03 05:16:19","ostrich",1,"2017-12-03","05:16:19"
"KAR","KAR_E03","2017-11-16 15:03:35","baboon",1,"2017-11-16","15:03:35"
"KAR","KAR_D03","2017-12-24 05:32:04","kudu",1,"2017-12-24","05:32:04"
"KAR","KAR_A02","2018-01-31 17:15:01","gemsbokoryx",1,"2018-01-31","17:15:01"
"KAR","KAR_B02","2017-10-18 10:27:36","gemsbokoryx",1,"2017-10-18","10:27:36"
"KAR","KAR_A01","2017-10-13 14:27:26","kudu",1,"2017-10-13","14:27:26"
"KAR","KAR_D04","2017-12-29 22:40:48","hartebeestred",1,"2017-12-29","22:40:48"
"KAR","KAR_C02","2018-01-10 06:03:27","bustardkori",1,"2018-01-10","06:03:27"
"KAR","KAR_A02","2018-01-28 07:00:17","duikercommon",1,"2018-01-28","07:00:17"
"KAR","KAR_B02","2017-12-11 18:55:58","springbok",1,"2017-12-11","18:55:58"
"KAR","KAR_D04","2017-11-06 07:48:56","gemsbokoryx",1,"2017-11-06","07:48:56"
"KAR","KAR_D04","2017-10-24 06:35:19","ostrich",1,"2017-10-24","06:35:19"
"KAR","KAR_C02","2017-12-07 05:17:05","kudu",1,"2017-12-07","05:17:05"
"KAR","KAR_A02","2017-12-24 05:42:12","baboon",1,"2017-12-24","05:42:12"
"KAR","KAR_A01","2017-12-29 11:40:44","kudu",1,"2017-12-29","11:40:44"
"KAR","KAR_E01","2017-12-23 19:25:46","baboon",2,"2017-12-23","19:25:46"
"KAR","KAR_B03","2017-12-07 06:53:21","kudu",2,"2017-12-07","06:53:21"
"KAR","KAR_B02","2017-11-25 10:13:33","kudu",1,"2017-11-25","10:13:33"
"KAR","KAR_A01","2017-11-30 05:58:54","jackalblackbacked",1,"2017-11-30","05:58:54"
"KAR","KAR_E01","2017-11-02 23:54:39","gemsbokoryx",1,"2017-11-02","23:54:39"
"KAR","KAR_B02","2017-10-06 12:31:48","springbok",2,"2017-10-06","12:31:48"
"KAR","KAR_B03","2017-10-06 14:34:18","ostrich",1,"2017-10-06","14:34:18"
"KAR","KAR_B03","2017-12-09 06:03:44","springbok",1,"2017-12-09","06:03:44"
"KAR","KAR_A02","2018-02-02 14:20:16","hartebeestred",1,"2018-02-02","14:20:16"
"KAR","KAR_D04","2017-10-07 14:20:50","baboon",1,"2017-10-07","14:20:50"
"KAR","KAR_B03","2017-10-30 17:50:31","zebramountain",2,"2017-10-30","17:50:31"
"KAR","KAR_D01","2018-01-07 02:34:26","baboon",1,"2018-01-07","02:34:26"
"KAR","KAR_B02","2017-11-15 12:48:05","jackalblackbacked",1,"2017-11-15","12:48:05"
"KAR","KAR_E02","2017-12-09 02:07:18","springbok",1,"2017-12-09","02:07:18"
"KAR","KAR_E03","2018-01-01 21:58:28","gemsbokoryx",1,"2018-01-01","21:58:28"
"KAR","KAR_B03","2018-01-30 03:49:34","zebramountain",1,"2018-01-30","03:49:34"
"KAR","KAR_E01","2018-02-05 13:43:15","duikercommon",1,"2018-02-05","13:43:15"
"KAR","KAR_A02","2017-12-03 06:24:20","zebramountain",4,"2017-12-03","06:24:20"
"KAR","KAR_B03","2017-11-03 10:32:02","hartebeestred",1,"2017-11-03","10:32:02"
"KAR","KAR_B03","2017-10-14 09:14:18","springbok",1,"2017-10-14","09:14:18"
"KAR","KAR_B03","2017-12-31 03:26:55","birdofprey",1,"2017-12-31","03:26:55"
"KAR","KAR_A01","2017-10-11 04:26:26","eland",1,"2017-10-11","04:26:26"
"KAR","KAR_C02","2017-11-30 10:45:19","gemsbokoryx",1,"2017-11-30","10:45:19"
"KAR","KAR_E01","2018-02-04 05:25:48","jackalblackbacked",1,"2018-02-04","05:25:48"
"KAR","KAR_A02","2017-12-09 00:42:49","eland",1,"2017-12-09","00:42:49"
"KAR","KAR_D04","2017-12-15 06:30:53","baboon",1,"2017-12-15","06:30:53"
"KAR","KAR_B02","2017-11-20 07:04:24","kudu",1,"2017-11-20","07:04:24"
"KAR","KAR_A01","2018-01-29 23:46:43","jackalblackbacked",1,"2018-01-29","23:46:43"
"KAR","KAR_A01","2018-01-05 10:04:34","hartebeestred",1,"2018-01-05","10:04:34"
"KAR","KAR_E02","2017-11-27 02:52:13","kudu",1,"2017-11-27","02:52:13"
"KAR","KAR_D01","2017-10-31 12:42:11","eland",1,"2017-10-31","12:42:11"
"KAR","KAR_B02","2017-10-12 09:55:53","eland",1,"2017-10-12","09:55:53"
"KAR","KAR_E01","2018-01-23 15:53:32","gemsbokoryx",1,"2018-01-23","15:53:32"
"KAR","KAR_D04","2018-01-24 00:26:24","baboon",1,"2018-01-24","00:26:24"
"KAR","KAR_C02","2017-11-23 19:04:52","gemsbokoryx",1,"2017-11-23","19:04:52"
"KAR","KAR_B03","2018-01-12 15:58:25","kudu",1,"2018-01-12","15:58:25"
"KAR","KAR_C02","2017-12-18 08:35:31","gemsbokoryx",1,"2017-12-18","08:35:31"
"KAR","KAR_A01","2018-01-01 19:05:28","eland",1,"2018-01-01","19:05:28"
"KAR","KAR_B02","2017-12-03 08:32:27","kudu",1,"2017-12-03","08:32:27"
"KAR","KAR_E02","2017-10-26 19:36:20","gemsbokoryx",1,"2017-10-26","19:36:20"
"KAR","KAR_E03","2018-02-06 01:36:30","hartebeestred",1,"2018-02-06","01:36:30"
"KAR","KAR_E03","2017-11-14 06:29:37","birdother",1,"2017-11-14","06:29:37"
"KAR","KAR_B01","2017-12-23 08:00:33","kudu",1,"2017-12-23","08:00:33"
"KAR","KAR_C02","2017-11-25 05:47:08","kudu",1,"2017-11-25","05:47:08"
"KAR","KAR_D03","2017-11-30 09:04:04","birdother",1,"2017-11-30","09:04:04"
"KAR","KAR_A01","2017-11-27 02:26:56","steenbok",1,"2017-11-27","02:26:56"
"KAR","KAR_B02","2017-12-19 17:14:09","steenbok",1,"2017-12-19","17:14:09"
"KAR","KAR_D01","2018-02-04 21:38:49","eland",1,"2018-02-04","21:38:49"
"KAR","KAR_A02","2017-10-09 01:29:07","hartebeestred",1,"2017-10-09","01:29:07"
"KAR","KAR_A02","2018-01-12 08:03:10","jackalblackbacked",1,"2018-01-12","08:03:10"
"KAR","KAR_A01","2018-01-05 14:11:37","springbok",1,"2018-01-05","14:11:37"
"KAR","KAR_A02","2018-01-26 14:52:03","springbok",2,"2018-01-26","14:52:03"
"KAR","KAR_E02","2018-01-12 13:20:02","gemsbokoryx",1,"2018-01-12","13:20:02"
"KAR","KAR_B02","2017-12-11 22:44:01","zebramountain",1,"2017-12-11","22:44:01"
"KAR","KAR_A01","2017-12-03 02:18:21","gemsbokoryx",1,"2017-12-03","02:18:21"
"KAR","KAR_E02","2017-12-04 13:46:20","baboon",1,"2017-12-04","13:46:20"
"KAR","KAR_D03","2018-01-22 18:48:23","zebramountain",1,"2018-01-22","18:48:23"
"KAR","KAR_E01","2018-01-21 02:07:54","ostrich",1,"2018-01-21","02:07:54"
"KAR","KAR_A01","2017-12-21 10:07:28","gemsbokoryx",1,"2017-12-21","10:07:28"
"KAR","KAR_D04","2018-01-02 05:40:02","birdother",1,"2018-01-02","05:40:02"
"KAR","KAR_A02","2018-01-21 13:03:17","duikercommon",2,"2018-01-21","13:03:17"
"KAR","KAR_B03","2017-12-09 13:24:05","gemsbokoryx",1,"2017-12-09","13:24:05"
"KAR","KAR_A01","2017-10-28 23:45:45","eland",1,"2017-10-28","23:45:45"
"KAR","KAR_B03","2017-12-12 20:38:52","springbok",2,"2017-12-12","20:38:52"
"KAR","KAR_B03","2017-12-07 07:17:23","eland",1,"2017-12-07","07:17:23"
"KAR","KAR_D03","2018-01-21 09:22:36","kudu",1,"2018-01-21","09:22:36"
"KAR","KAR_B03","2017-12-23 19:34:22","gemsbokoryx",1,"2017-12-23","19:34:22"
"KAR","KAR_D01","2017-12-26 18:09:25","springbok",1,"2017-12-26","18:09:25"
"KAR","KAR_F02","2017-11-03 16:48:02","baboon",1,"2017-11-03","16:48:02"
"KAR","KAR_D03","2017-12-02 13:42:31","gemsbokoryx",2,"2017-12-02","13:42:31"
"KAR","KAR_B02","2017-10-10 11:38:35","baboon",1,"2017-10-10","11:38:35"
"KAR","KAR_D04","2017-11-15 17:05:30","kudu",1,"2017-11-15","17:05:30"
"KAR","KAR_A01","2017-12-21 01:16:47","jackalblackbacked",1,"2017-12-21","01:16:47"
"KAR","KAR_E01","2018-01-27 16:27:58","jackalblackbacked",1,"2018-01-27","16:27:58"
"KAR","KAR_B03","2018-01-19 18:38:39","gemsbokoryx",1,"2018-01-19","18:38:39"
"KAR","KAR_B03","2017-10-21 02:31:47","gemsbokoryx",1,"2017-10-21","02:31:47"
"KAR","KAR_E02","2017-11-29 11:51:54","birdother",1,"2017-11-29","11:51:54"
"KAR","KAR_E02","2018-01-30 19:46:29","bustardludwigs",1,"2018-01-30","19:46:29"
"KAR","KAR_D01","2018-01-30 05:18:01","bustardludwigs",1,"2018-01-30","05:18:01"
"KAR","KAR_B02","2017-11-21 00:48:40","ostrich",1,"2017-11-21","00:48:40"
"KAR","KAR_D03","2017-10-29 19:20:28","baboon",1,"2017-10-29","19:20:28"
"KAR","KAR_A01","2017-10-15 08:24:16","eland",1,"2017-10-15","08:24:16"
"KAR","KAR_B02","2017-10-28 14:18:14","kudu",1,"2017-10-28","14:18:14"
"KAR","KAR_E01","2018-02-05 11:35:02","gemsbokoryx",3,"2018-02-05","11:35:02"
"KAR","KAR_B02","2017-11-01 10:49:45","springbok",1,"2017-11-01","10:49:45"
"KAR","KAR_E03","2017-12-17 07:34:48","zebramountain",1,"2017-12-17","07:34:48"
"KAR","KAR_B03","2017-11-07 15:18:10","gemsbokoryx",1,"2017-11-07","15:18:10"
"KAR","KAR_A02","2018-01-10 03:53:43","eland",1,"2018-01-10","03:53:43"
"KAR","KAR_E02","2017-12-15 09:53:18","gemsbokoryx",1,"2017-12-15","09:53:18"
"KAR","KAR_E03","2017-11-04 00:59:40","baboon",6,"2017-11-04","00:59:40"
"KAR","KAR_A01","2018-01-23 04:46:36","zebramountain",1,"2018-01-23","04:46:36"
"KAR","KAR_E01","2017-11-28 20:35:54","gemsbokoryx",1,"2017-11-28","20:35:54"
"KAR","KAR_E02","2018-01-14 18:47:18","gemsbokoryx",1,"2018-01-14","18:47:18"
"KAR","KAR_B02","2017-10-21 02:07:50","hare",1,"2017-10-21","02:07:50"
"KAR","KAR_D04","2017-12-11 22:46:01","duikercommon",1,"2017-12-11","22:46:01"
"KAR","KAR_D01","2017-12-20 19:28:33","baboon",1,"2017-12-20","19:28:33"
"KAR","KAR_B03","2017-10-21 21:13:53","kudu",1,"2017-10-21","21:13:53"
"KAR","KAR_A01","2018-02-02 18:01:26","kudu",1,"2018-02-02","18:01:26"
"KAR","KAR_A02","2017-12-01 05:40:37","gemsbokoryx",1,"2017-12-01","05:40:37"
"KAR","KAR_E02","2017-12-03 13:07:09","caracal",1,"2017-12-03","13:07:09"
"KAR","KAR_E02","2017-11-08 18:14:53","eland",1,"2017-11-08","18:14:53"
"KAR","KAR_D04","2018-01-06 04:50:38","eland",1,"2018-01-06","04:50:38"
"KAR","KAR_D01","2017-11-24 15:50:50","springbok",1,"2017-11-24","15:50:50"
"KAR","KAR_E01","2017-10-28 11:09:09","baboon",1,"2017-10-28","11:09:09"
"KAR","KAR_B03","2018-01-29 16:49:00","duikercommon",1,"2018-01-29","16:49:00"
"KAR","KAR_A02","2017-12-02 21:24:53","ostrich",2,"2017-12-02","21:24:53"
"KAR","KAR_E03","2018-02-02 05:42:22","gemsbokoryx",1,"2018-02-02","05:42:22"
"KAR","KAR_B02","2017-10-22 07:17:26","rhebokgrey",1,"2017-10-22","07:17:26"
"KAR","KAR_B02","2017-10-15 01:52:21","kudu",1,"2017-10-15","01:52:21"
"KAR","KAR_C02","2017-11-25 18:33:14","gemsbokoryx",1,"2017-11-25","18:33:14"
"KAR","KAR_D04","2017-11-01 06:16:05","springbok",1,"2017-11-01","06:16:05"
"KAR","KAR_B02","2018-01-14 06:02:47","gemsbokoryx",1,"2018-01-14","06:02:47"
"KAR","KAR_E01","2017-11-08 08:39:52","kudu",1,"2017-11-08","08:39:52"
"KAR","KAR_D01","2017-12-02 09:46:09","gemsbokoryx",1,"2017-12-02","09:46:09"
"KAR","KAR_B03","2018-01-29 13:48:39","gemsbokoryx",1,"2018-01-29","13:48:39"
"KAR","KAR_C03","2018-01-05 00:26:30","hare",1,"2018-01-05","00:26:30"
"KAR","KAR_B03","2018-01-30 15:57:45","kudu",1,"2018-01-30","15:57:45"
"KAR","KAR_E01","2017-12-25 09:08:47","eland",1,"2017-12-25","09:08:47"
"KAR","KAR_E01","2017-11-18 19:53:27","ostrich",1,"2017-11-18","19:53:27"
"KAR","KAR_B03","2018-01-30 10:07:41","bustardkori",1,"2018-01-30","10:07:41"
"KAR","KAR_D01","2017-12-09 23:14:23","eland",1,"2017-12-09","23:14:23"
"KAR","KAR_E01","2018-02-05 03:31:39","zebramountain",1,"2018-02-05","03:31:39"
"KAR","KAR_D04","2017-12-21 08:29:01","jackalblackbacked",1,"2017-12-21","08:29:01"
"KAR","KAR_C02","2018-01-12 14:06:07","springbok",1,"2018-01-12","14:06:07"
"KAR","KAR_E03","2017-12-20 07:04:52","kudu",1,"2017-12-20","07:04:52"
"KAR","KAR_A01","2017-11-03 07:38:17","eland",1,"2017-11-03","07:38:17"
"KAR","KAR_B02","2017-12-02 23:29:57","gemsbokoryx",1,"2017-12-02","23:29:57"
"KAR","KAR_F02","2017-10-27 10:58:35","springbok",1,"2017-10-27","10:58:35"
"KAR","KAR_E01","2017-11-03 10:00:15","eland",1,"2017-11-03","10:00:15"
"KAR","KAR_B01","2018-01-13 03:28:52","kudu",1,"2018-01-13","03:28:52"
"KAR","KAR_D04","2018-01-26 06:44:11","springbok",1,"2018-01-26","06:44:11"
"KAR","KAR_B03","2018-01-29 10:13:07","eland",1,"2018-01-29","10:13:07"
"KAR","KAR_B02","2017-10-12 14:56:37","eland",1,"2017-10-12","14:56:37"
"KAR","KAR_E02","2017-11-24 07:42:50","baboon",1,"2017-11-24","07:42:50"
"KAR","KAR_A01","2018-01-13 15:17:28","baboon",1,"2018-01-13","15:17:28"
"KAR","KAR_B02","2017-12-26 05:15:31","eland",1,"2017-12-26","05:15:31"
"KAR","KAR_D01","2017-12-06 22:14:48","gemsbokoryx",2,"2017-12-06","22:14:48"
"KAR","KAR_E03","2018-01-11 16:39:54","hare",1,"2018-01-11","16:39:54"
"KAR","KAR_B02","2017-11-29 14:01:04","baboon",1,"2017-11-29","14:01:04"
"KAR","KAR_D04","2018-02-01 06:17:12","zebramountain",4,"2018-02-01","06:17:12"
"KAR","KAR_B02","2017-12-19 10:52:01","bustardludwigs",2,"2017-12-19","10:52:01"
"KAR","KAR_A01","2017-12-16 01:31:37","gemsbokoryx",1,"2017-12-16","01:31:37"
"KAR","KAR_B03","2018-02-02 06:11:39","kudu",2,"2018-02-02","06:11:39"
"KAR","KAR_E03","2018-01-05 23:09:40","kudu",1,"2018-01-05","23:09:40"
"KAR","KAR_B02","2017-11-17 08:46:04","gemsbokoryx",1,"2017-11-17","08:46:04"
"KAR","KAR_B03","2017-10-14 06:37:24","reptilesamphibians",1,"2017-10-14","06:37:24"
"KAR","KAR_E03","2017-11-21 17:39:43","gemsbokoryx",1,"2017-11-21","17:39:43"
"KAR","KAR_B02","2017-10-12 17:21:56","eland",1,"2017-10-12","17:21:56"
"KAR","KAR_B03","2017-10-26 14:15:26","gemsbokoryx",1,"2017-10-26","14:15:26"
"KAR","KAR_B01","2017-12-27 06:26:37","baboon",1,"2017-12-27","06:26:37"
"KAR","KAR_B03","2017-12-03 18:30:04","kudu",1,"2017-12-03","18:30:04"
"KAR","KAR_E01","2017-12-06 23:24:13","kudu",1,"2017-12-06","23:24:13"
"KAR","KAR_B03","2017-11-26 17:42:20","kudu",1,"2017-11-26","17:42:20"
"KAR","KAR_D01","2018-01-10 00:27:06","kudu",1,"2018-01-10","00:27:06"
"KAR","KAR_C03","2017-12-30 13:11:07","ostrich",1,"2017-12-30","13:11:07"
"KAR","KAR_B03","2018-01-07 07:41:53","gemsbokoryx",1,"2018-01-07","07:41:53"
"KAR","KAR_E03","2017-12-12 18:41:59","hartebeestred",1,"2017-12-12","18:41:59"
"KAR","KAR_A01","2017-11-27 15:01:32","eland",1,"2017-11-27","15:01:32"
"KAR","KAR_D01","2017-12-10 03:20:25","gemsbokoryx",1,"2017-12-10","03:20:25"
"KAR","KAR_E01","2017-12-11 03:51:49","hartebeestred",1,"2017-12-11","03:51:49"
"KAR","KAR_B03","2018-01-22 07:28:28","kudu",1,"2018-01-22","07:28:28"
"KAR","KAR_B03","2018-01-04 16:18:38","gemsbokoryx",1,"2018-01-04","16:18:38"
"KAR","KAR_C02","2018-01-01 17:17:21","kudu",1,"2018-01-01","17:17:21"
"KAR","KAR_D04","2017-11-25 12:15:02","baboon",1,"2017-11-25","12:15:02"
"KAR","KAR_B02","2017-10-22 00:32:59","eland",1,"2017-10-22","00:32:59"
"KAR","KAR_D04","2017-10-21 17:14:03","baboon",1,"2017-10-21","17:14:03"
"KAR","KAR_E03","2018-01-12 13:52:10","gemsbokoryx",1,"2018-01-12","13:52:10"
"KAR","KAR_B01","2017-10-30 08:24:55","kudu",1,"2017-10-30","08:24:55"
"KAR","KAR_A02","2017-10-26 19:34:52","gemsbokoryx",2,"2017-10-26","19:34:52"
"KAR","KAR_B03","2017-12-06 13:23:54","bustardkori",1,"2017-12-06","13:23:54"
"KAR","KAR_A02","2018-01-03 09:16:30","gemsbokoryx",1,"2018-01-03","09:16:30"
"KAR","KAR_C02","2017-10-07 06:55:36","hartebeestred",1,"2017-10-07","06:55:36"
"KAR","KAR_B03","2018-01-06 09:08:31","eland",1,"2018-01-06","09:08:31"
"KAR","KAR_C02","2017-12-24 05:29:00","porcupine",2,"2017-12-24","05:29:00"
"KAR","KAR_C02","2017-11-01 02:59:30","rhinocerosblack",1,"2017-11-01","02:59:30"
"KAR","KAR_C03","2018-01-08 11:46:26","gemsbokoryx",1,"2018-01-08","11:46:26"
"KAR","KAR_E01","2018-01-29 07:15:27","gemsbokoryx",1,"2018-01-29","07:15:27"
"KAR","KAR_E03","2018-02-02 15:22:32","eland",1,"2018-02-02","15:22:32"
"KAR","KAR_B02","2017-10-30 05:52:54","zebramountain",1,"2017-10-30","05:52:54"
"KAR","KAR_B03","2017-10-29 23:26:10","gemsbokoryx",1,"2017-10-29","23:26:10"
"KAR","KAR_A01","2017-11-11 16:06:18","eland",1,"2017-11-11","16:06:18"
"KAR","KAR_E03","2017-11-13 00:31:57","hartebeestred",1,"2017-11-13","00:31:57"
"KAR","KAR_B02","2017-11-16 11:00:05","baboon",2,"2017-11-16","11:00:05"
"KAR","KAR_D01","2017-11-28 13:04:11","gemsbokoryx",1,"2017-11-28","13:04:11"
"KAR","KAR_B03","2017-12-26 15:01:07","baboon",1,"2017-12-26","15:01:07"
"KAR","KAR_E03","2017-12-28 07:42:24","baboon",1,"2017-12-28","07:42:24"
"KAR","KAR_E01","2017-10-23 09:44:55","hartebeestred",1,"2017-10-23","09:44:55"
"KAR","KAR_B03","2018-02-02 22:34:59","gemsbokoryx",1,"2018-02-02","22:34:59"
"KAR","KAR_A02","2017-11-14 07:41:40","zebramountain",1,"2017-11-14","07:41:40"
"KAR","KAR_E02","2017-12-02 04:15:22","springbok",1,"2017-12-02","04:15:22"
"KAR","KAR_D01","2017-12-19 17:47:05","hartebeestred",1,"2017-12-19","17:47:05"
"KAR","KAR_B02","2017-12-03 19:36:13","duikercommon",1,"2017-12-03","19:36:13"
"KAR","KAR_B02","2018-01-29 15:00:16","ostrich",1,"2018-01-29","15:00:16"
"KAR","KAR_D04","2018-02-02 15:23:23","hartebeestred",1,"2018-02-02","15:23:23"
"KAR","KAR_C03","2018-02-03 21:56:26","gemsbokoryx",1,"2018-02-03","21:56:26"
"KAR","KAR_D04","2017-11-30 18:46:56","kudu",1,"2017-11-30","18:46:56"
"KAR","KAR_D01","2017-12-05 09:51:34","gemsbokoryx",1,"2017-12-05","09:51:34"
"KAR","KAR_E03","2017-12-04 06:22:59","gemsbokoryx",1,"2017-12-04","06:22:59"
"KAR","KAR_A02","2018-01-02 17:07:22","kudu",1,"2018-01-02","17:07:22"
"KAR","KAR_D04","2018-01-03 06:40:29","monkeyvervet",1,"2018-01-03","06:40:29"
"KAR","KAR_B03","2017-12-07 15:21:37","baboon",1,"2017-12-07","15:21:37"
"KAR","KAR_C02","2018-01-27 17:15:03","eland",1,"2018-01-27","17:15:03"
"KAR","KAR_E03","2017-11-28 21:11:25","gemsbokoryx",1,"2017-11-28","21:11:25"
"KAR","KAR_B02","2017-10-12 17:16:49","gemsbokoryx",1,"2017-10-12","17:16:49"
"KAR","KAR_B01","2018-01-26 02:42:41","gemsbokoryx",1,"2018-01-26","02:42:41"
"KAR","KAR_B02","2017-10-06 17:35:33","kudu",1,"2017-10-06","17:35:33"
"KAR","KAR_B02","2017-12-19 07:27:18","baboon",1,"2017-12-19","07:27:18"
"KAR","KAR_C02","2017-12-20 10:06:08","eland",1,"2017-12-20","10:06:08"
"KAR","KAR_E01","2017-12-17 16:34:46","hartebeestred",1,"2017-12-17","16:34:46"
"KAR","KAR_C02","2017-12-03 05:25:59","kudu",1,"2017-12-03","05:25:59"
"KAR","KAR_D03","2018-01-12 14:38:37","kudu",1,"2018-01-12","14:38:37"
"KAR","KAR_E01","2018-01-04 23:17:01","wildebeestblue",1,"2018-01-04","23:17:01"
"KAR","KAR_D03","2017-10-08 05:22:25","springbok",1,"2017-10-08","05:22:25"
"KAR","KAR_C02","2018-01-30 13:40:15","eland",1,"2018-01-30","13:40:15"
"KAR","KAR_E01","2017-10-23 02:17:38","caracal",1,"2017-10-23","02:17:38"
"KAR","KAR_B03","2018-01-01 10:33:58","duikercommon",1,"2018-01-01","10:33:58"
"KAR","KAR_E01","2018-01-05 23:15:21","gemsbokoryx",2,"2018-01-05","23:15:21"
"KAR","KAR_E01","2018-01-15 02:49:39","baboon",1,"2018-01-15","02:49:39"
"KAR","KAR_A01","2017-11-18 01:01:07","kudu",1,"2017-11-18","01:01:07"
"KAR","KAR_B01","2017-10-24 20:20:32","eland",1,"2017-10-24","20:20:32"
"KAR","KAR_B02","2017-10-06 12:09:28","kudu",3,"2017-10-06","12:09:28"
"KAR","KAR_C02","2017-12-10 19:16:54","jackalblackbacked",1,"2017-12-10","19:16:54"
"KAR","KAR_B01","2017-12-20 15:11:15","gemsbokoryx",1,"2017-12-20","15:11:15"
"KAR","KAR_E01","2018-01-26 12:27:49","birdother",1,"2018-01-26","12:27:49"
"KAR","KAR_C03","2017-12-02 19:28:48","springbok",1,"2017-12-02","19:28:48"
"KAR","KAR_E02","2017-12-11 01:44:55","kudu",1,"2017-12-11","01:44:55"
"KAR","KAR_D03","2017-10-13 03:20:29","birdother",1,"2017-10-13","03:20:29"
"KAR","KAR_D01","2018-01-31 04:22:34","steenbok",2,"2018-01-31","04:22:34"
"KAR","KAR_A02","2017-12-23 00:54:57","kudu",1,"2017-12-23","00:54:57"
"KAR","KAR_A01","2017-11-09 13:55:27","hartebeestred",1,"2017-11-09","13:55:27"
"KAR","KAR_A01","2017-11-08 09:50:34","steenbok",1,"2017-11-08","09:50:34"
"KAR","KAR_D01","2017-12-02 23:20:49","eland",1,"2017-12-02","23:20:49"
"KAR","KAR_A01","2018-01-12 06:47:48","zebraburchells",1,"2018-01-12","06:47:48"
"KAR","KAR_E03","2018-01-01 12:44:48","eland",1,"2018-01-01","12:44:48"
"KAR","KAR_B03","2017-12-23 17:31:29","baboon",1,"2017-12-23","17:31:29"
"KAR","KAR_B02","2017-11-04 00:14:52","gemsbokoryx",1,"2017-11-04","00:14:52"
"KAR","KAR_C03","2018-02-05 15:54:59","jackalblackbacked",1,"2018-02-05","15:54:59"
"KAR","KAR_B02","2018-01-09 09:30:45","gemsbokoryx",1,"2018-01-09","09:30:45"
"KAR","KAR_B02","2017-10-31 14:32:52","gemsbokoryx",1,"2017-10-31","14:32:52"
"KAR","KAR_C03","2017-11-09 15:09:17","jackalblackbacked",1,"2017-11-09","15:09:17"
"KAR","KAR_E03","2018-02-02 20:09:58","steenbok",1,"2018-02-02","20:09:58"
"KAR","KAR_D03","2017-10-07 08:05:22","kudu",1,"2017-10-07","08:05:22"
"KAR","KAR_B02","2017-11-10 07:36:27","hartebeestred",1,"2017-11-10","07:36:27"
"KAR","KAR_B02","2017-10-25 04:58:24","rhinocerosblack",1,"2017-10-25","04:58:24"
"KAR","KAR_D03","2017-12-05 02:10:20","eland",1,"2017-12-05","02:10:20"
"KAR","KAR_B02","2017-11-26 03:09:48","gemsbokoryx",1,"2017-11-26","03:09:48"
"KAR","KAR_B02","2018-01-31 22:34:38","baboon",1,"2018-01-31","22:34:38"
"KAR","KAR_E01","2018-02-05 19:48:06","gemsbokoryx",1,"2018-02-05","19:48:06"
"KAR","KAR_C03","2017-11-18 22:14:23","eland",1,"2017-11-18","22:14:23"
"KAR","KAR_E03","2018-01-12 12:36:10","birdother",1,"2018-01-12","12:36:10"
"KAR","KAR_B01","2018-01-10 15:32:53","zebramountain",1,"2018-01-10","15:32:53"
"KAR","KAR_E02","2017-12-10 11:31:31","springbok",1,"2017-12-10","11:31:31"
"KAR","KAR_B02","2017-12-05 11:29:03","kudu",1,"2017-12-05","11:29:03"
"KAR","KAR_E01","2017-10-18 12:59:14","hartebeestred",1,"2017-10-18","12:59:14"
"KAR","KAR_A01","2017-12-26 13:34:04","gemsbokoryx",2,"2017-12-26","13:34:04"
"KAR","KAR_B03","2017-12-21 09:18:06","eland",1,"2017-12-21","09:18:06"
"KAR","KAR_E01","2018-01-25 06:20:04","baboon",1,"2018-01-25","06:20:04"
"KAR","KAR_B03","2018-01-30 04:12:01","kudu",1,"2018-01-30","04:12:01"
"KAR","KAR_B02","2018-01-27 17:49:48","kudu",1,"2018-01-27","17:49:48"
"KAR","KAR_C03","2017-10-07 00:24:15","duikercommon",1,"2017-10-07","00:24:15"
"KAR","KAR_D01","2018-01-15 05:03:35","eland",1,"2018-01-15","05:03:35"
"KAR","KAR_D04","2018-02-01 22:59:29","baboon",1,"2018-02-01","22:59:29"
"KAR","KAR_C02","2017-11-02 08:24:42","baboon",1,"2017-11-02","08:24:42"
"KAR","KAR_D04","2017-12-03 11:59:29","gemsbokoryx",1,"2017-12-03","11:59:29"
"KAR","KAR_D04","2017-11-04 02:59:06","hartebeestred",1,"2017-11-04","02:59:06"
"KAR","KAR_F02","2017-11-09 09:26:00","jackalblackbacked",1,"2017-11-09","09:26:00"
"KAR","KAR_A01","2017-12-15 12:11:54","duikercommon",2,"2017-12-15","12:11:54"
"KAR","KAR_E01","2017-10-27 06:42:11","lionmale",1,"2017-10-27","06:42:11"
"KAR","KAR_D01","2017-12-13 18:03:05","eland",1,"2017-12-13","18:03:05"
"KAR","KAR_B03","2017-11-27 19:46:31","gemsbokoryx",1,"2017-11-27","19:46:31"
"KAR","KAR_B03","2017-12-20 18:45:37","kudu",1,"2017-12-20","18:45:37"
"KAR","KAR_B02","2017-11-28 15:01:13","steenbok",1,"2017-11-28","15:01:13"
"KAR","KAR_B03","2018-02-03 19:11:49","kudu",1,"2018-02-03","19:11:49"
"KAR","KAR_D03","2017-10-09 18:25:06","zebramountain",1,"2017-10-09","18:25:06"
"KAR","KAR_D03","2017-10-26 09:09:13","kudu",1,"2017-10-26","09:09:13"
"KAR","KAR_B02","2017-11-24 11:07:14","gemsbokoryx",1,"2017-11-24","11:07:14"
"KAR","KAR_E03","2018-01-03 09:22:25","kudu",1,"2018-01-03","09:22:25"
"KAR","KAR_E02","2017-12-26 09:33:39","kudu",1,"2017-12-26","09:33:39"
"KAR","KAR_C02","2017-12-30 06:11:33","eland",1,"2017-12-30","06:11:33"
"KAR","KAR_B03","2017-12-11 17:45:15","ostrich",1,"2017-12-11","17:45:15"
"KAR","KAR_A02","2017-10-11 17:35:31","eland",1,"2017-10-11","17:35:31"
"KAR","KAR_E02","2018-01-29 01:18:23","gemsbokoryx",1,"2018-01-29","01:18:23"
"KAR","KAR_B03","2017-12-17 08:24:51","baboon",1,"2017-12-17","08:24:51"
"KAR","KAR_E01","2017-12-07 15:02:21","kudu",1,"2017-12-07","15:02:21"
"KAR","KAR_A02","2017-12-02 19:31:00","gemsbokoryx",1,"2017-12-02","19:31:00"
"KAR","KAR_D04","2018-01-05 23:46:10","steenbok",1,"2018-01-05","23:46:10"
"KAR","KAR_B03","2017-12-02 14:33:38","gemsbokoryx",16,"2017-12-02","14:33:38"
"KAR","KAR_B03","2017-11-23 19:39:42","gemsbokoryx",7,"2017-11-23","19:39:42"
"KAR","KAR_B02","2017-12-25 05:40:10","baboon",1,"2017-12-25","05:40:10"
"KAR","KAR_B03","2017-12-16 12:20:05","jackalblackbacked",1,"2017-12-16","12:20:05"
"KAR","KAR_B02","2018-01-18 03:35:17","kudu",1,"2018-01-18","03:35:17"
"KAR","KAR_A02","2018-01-29 17:38:30","gemsbokoryx",1,"2018-01-29","17:38:30"
"KAR","KAR_B02","2017-10-26 03:56:32","eland",1,"2017-10-26","03:56:32"
"KAR","KAR_B02","2017-11-25 18:39:53","eland",3,"2017-11-25","18:39:53"
"KAR","KAR_B03","2018-01-25 17:23:11","springbok",1,"2018-01-25","17:23:11"
"KAR","KAR_B03","2017-12-02 06:35:55","kudu",1,"2017-12-02","06:35:55"
"KAR","KAR_B02","2017-12-23 07:37:49","gemsbokoryx",1,"2017-12-23","07:37:49"
"KAR","KAR_A02","2017-12-19 14:23:29","kudu",1,"2017-12-19","14:23:29"
"KAR","KAR_B03","2017-10-21 20:20:13","eland",1,"2017-10-21","20:20:13"
"KAR","KAR_E02","2017-11-17 12:40:19","springbok",1,"2017-11-17","12:40:19"
"KAR","KAR_B02","2018-01-05 00:38:37","kudu",1,"2018-01-05","00:38:37"
"KAR","KAR_A02","2017-11-27 11:26:40","jackalblackbacked",1,"2017-11-27","11:26:40"
"KAR","KAR_E03","2017-11-22 15:50:02","springbok",2,"2017-11-22","15:50:02"
"KAR","KAR_D01","2017-12-13 13:19:49","zebramountain",1,"2017-12-13","13:19:49"
"KAR","KAR_B02","2018-01-27 19:56:24","hartebeestred",1,"2018-01-27","19:56:24"
"KAR","KAR_A02","2018-01-30 11:57:14","hartebeestred",1,"2018-01-30","11:57:14"
"KAR","KAR_E01","2017-11-17 14:31:37","kudu",1,"2017-11-17","14:31:37"
"KAR","KAR_E01","2017-10-07 22:38:44","kudu",1,"2017-10-07","22:38:44"
"KAR","KAR_A02","2017-11-30 20:48:19","eland",1,"2017-11-30","20:48:19"
"KAR","KAR_C02","2017-12-02 14:36:50","tortoise",1,"2017-12-02","14:36:50"
"KAR","KAR_E03","2017-11-24 13:49:38","lionfemale",1,"2017-11-24","13:49:38"
"KAR","KAR_B03","2017-10-19 08:59:27","springbok",1,"2017-10-19","08:59:27"
"KAR","KAR_D03","2017-10-24 10:04:12","zebramountain",2,"2017-10-24","10:04:12"
"KAR","KAR_E03","2018-01-26 04:35:49","hartebeestred",1,"2018-01-26","04:35:49"
"KAR","KAR_B02","2018-02-05 03:24:43","kudu",1,"2018-02-05","03:24:43"
"KAR","KAR_A02","2018-01-16 10:43:53","ostrich",1,"2018-01-16","10:43:53"
"KAR","KAR_E01","2018-02-06 05:00:00","kudu",1,"2018-02-06","05:00:00"
"KAR","KAR_B02","2018-02-04 05:03:34","springbok",1,"2018-02-04","05:03:34"
"KAR","KAR_B02","2017-12-02 20:09:55","zebramountain",1,"2017-12-02","20:09:55"
"KAR","KAR_B03","2018-02-05 20:05:46","gemsbokoryx",4,"2018-02-05","20:05:46"
"KAR","KAR_D04","2017-10-24 08:45:46","springbok",1,"2017-10-24","08:45:46"
"KAR","KAR_C02","2017-10-28 19:43:56","baboon",1,"2017-10-28","19:43:56"
"KAR","KAR_B02","2017-10-06 15:58:24","gemsbokoryx",1,"2017-10-06","15:58:24"
"KAR","KAR_C02","2017-11-08 19:32:09","springbok",1,"2017-11-08","19:32:09"
"KAR","KAR_B03","2017-12-10 17:43:18","zebramountain",1,"2017-12-10","17:43:18"
"KAR","KAR_E01","2018-02-06 08:46:42","kudu",1,"2018-02-06","08:46:42"
"KAR","KAR_B03","2017-11-22 09:09:45","zebraburchells",1,"2017-11-22","09:09:45"
"KAR","KAR_B03","2017-12-07 03:53:51","baboon",1,"2017-12-07","03:53:51"
"KAR","KAR_D03","2018-01-21 16:46:01","bustardkori",1,"2018-01-21","16:46:01"
"KAR","KAR_D04","2018-01-23 16:06:27","kudu",1,"2018-01-23","16:06:27"
"KAR","KAR_B02","2018-01-26 21:47:05","jackalblackbacked",1,"2018-01-26","21:47:05"
"KAR","KAR_C02","2018-01-06 08:00:55","birdother",3,"2018-01-06","08:00:55"
"KAR","KAR_D03","2018-01-27 17:50:35","baboon",1,"2018-01-27","17:50:35"
"KAR","KAR_D04","2017-12-30 13:52:14","bustardludwigs",1,"2017-12-30","13:52:14"
"KAR","KAR_A02","2018-01-03 04:31:33","reptilesamphibians",1,"2018-01-03","04:31:33"
"KAR","KAR_D04","2017-10-20 09:47:54","springbok",1,"2017-10-20","09:47:54"
"KAR","KAR_E01","2018-02-02 19:20:36","steenbok",2,"2018-02-02","19:20:36"
"KAR","KAR_B03","2018-01-12 12:57:20","jackalblackbacked",1,"2018-01-12","12:57:20"
"KAR","KAR_C02","2017-11-17 01:08:21","kudu",1,"2017-11-17","01:08:21"
"KAR","KAR_E01","2017-10-09 12:30:42","steenbok",1,"2017-10-09","12:30:42"
"KAR","KAR_A01","2017-10-10 07:28:42","kudu",2,"2017-10-10","07:28:42"
"KAR","KAR_B01","2017-11-09 08:52:16","gemsbokoryx",1,"2017-11-09","08:52:16"
"KAR","KAR_A02","2017-11-16 11:59:55","eland",4,"2017-11-16","11:59:55"
"KAR","KAR_A01","2017-12-24 19:00:16","kudu",1,"2017-12-24","19:00:16"
"KAR","KAR_B02","2017-11-16 18:16:16","reedbuckmountain",1,"2017-11-16","18:16:16"
"KAR","KAR_B01","2017-10-22 11:51:36","jackalblackbacked",2,"2017-10-22","11:51:36"
"KAR","KAR_A01","2018-02-04 06:45:21","foxbateared",1,"2018-02-04","06:45:21"
"KAR","KAR_B02","2017-12-19 12:05:57","kudu",1,"2017-12-19","12:05:57"
"KAR","KAR_D01","2017-12-10 02:03:03","kudu",2,"2017-12-10","02:03:03"
"KAR","KAR_D04","2017-12-07 08:28:32","baboon",1,"2017-12-07","08:28:32"
"KAR","KAR_B02","2018-01-28 18:34:44","kudu",1,"2018-01-28","18:34:44"
"KAR","KAR_D04","2017-12-02 05:23:19","kudu",1,"2017-12-02","05:23:19"
"KAR","KAR_C02","2017-11-29 23:11:23","zebramountain",1,"2017-11-29","23:11:23"
"KAR","KAR_B02","2017-12-15 20:58:49","zebramountain",1,"2017-12-15","20:58:49"
"KAR","KAR_C02","2018-01-21 07:53:00","hare",2,"2018-01-21","07:53:00"
"KAR","KAR_A01","2017-12-15 01:46:06","kudu",2,"2017-12-15","01:46:06"
"KAR","KAR_E01","2017-11-04 21:16:21","baboon",3,"2017-11-04","21:16:21"
"KAR","KAR_A01","2017-12-10 19:48:55","reptilesamphibians",1,"2017-12-10","19:48:55"
"KAR","KAR_C02","2017-11-30 18:25:39","hartebeestred",1,"2017-11-30","18:25:39"
"KAR","KAR_A01","2017-11-15 10:20:56","gemsbokoryx",1,"2017-11-15","10:20:56"
"KAR","KAR_E01","2017-10-11 10:00:17","duikercommon",1,"2017-10-11","10:00:17"
"KAR","KAR_D04","2018-01-01 08:58:55","duikercommon",1,"2018-01-01","08:58:55"
"KAR","KAR_B02","2017-11-29 14:57:11","gemsbokoryx",2,"2017-11-29","14:57:11"
"KAR","KAR_A01","2018-01-29 23:01:45","gemsbokoryx",1,"2018-01-29","23:01:45"
"KAR","KAR_D04","2017-10-07 10:10:53","duikercommon",1,"2017-10-07","10:10:53"
"KAR","KAR_D04","2017-11-05 05:47:28","eland",1,"2017-11-05","05:47:28"
"KAR","KAR_C02","2018-01-30 15:26:16","zebramountain",3,"2018-01-30","15:26:16"
"KAR","KAR_C02","2017-10-09 00:26:34","jackalblackbacked",1,"2017-10-09","00:26:34"
"KAR","KAR_A02","2017-10-12 09:37:57","gemsbokoryx",1,"2017-10-12","09:37:57"
"KAR","KAR_B02","2017-10-11 10:53:56","birdother",1,"2017-10-11","10:53:56"
"KAR","KAR_E01","2017-12-17 09:06:27","kudu",1,"2017-12-17","09:06:27"
"KAR","KAR_D01","2017-10-26 17:40:59","steenbok",1,"2017-10-26","17:40:59"
"KAR","KAR_B03","2018-01-03 22:44:38","steenbok",1,"2018-01-03","22:44:38"
"KAR","KAR_E03","2018-01-30 13:50:17","springbok",1,"2018-01-30","13:50:17"
"KAR","KAR_E01","2018-02-03 19:10:20","hartebeestred",1,"2018-02-03","19:10:20"
"KAR","KAR_D01","2017-10-27 11:29:20","eland",1,"2017-10-27","11:29:20"
"KAR","KAR_A01","2018-01-19 19:52:02","caracal",1,"2018-01-19","19:52:02"
"KAR","KAR_B03","2018-02-03 08:13:30","kudu",1,"2018-02-03","08:13:30"
"KAR","KAR_A02","2017-12-01 06:39:37","gemsbokoryx",1,"2017-12-01","06:39:37"
"KAR","KAR_A02","2017-10-08 00:51:44","reedbuckmountain",1,"2017-10-08","00:51:44"
"KAR","KAR_A02","2017-10-10 10:24:09","zebramountain",1,"2017-10-10","10:24:09"
"KAR","KAR_D04","2018-02-05 12:39:34","zebramountain",1,"2018-02-05","12:39:34"
"KAR","KAR_D04","2018-01-29 01:30:46","kudu",1,"2018-01-29","01:30:46"
"KAR","KAR_B02","2017-11-18 19:44:29","hartebeestred",1,"2017-11-18","19:44:29"
"KAR","KAR_B01","2017-11-21 06:37:31","kudu",3,"2017-11-21","06:37:31"
"KAR","KAR_B02","2017-12-09 06:27:20","eland",1,"2017-12-09","06:27:20"
"KAR","KAR_E01","2017-10-19 04:39:30","gemsbokoryx",3,"2017-10-19","04:39:30"
"KAR","KAR_A01","2018-01-04 22:16:05","springbok",1,"2018-01-04","22:16:05"
"KAR","KAR_B02","2018-01-24 20:49:14","eland",1,"2018-01-24","20:49:14"
"KAR","KAR_B03","2017-11-30 06:15:39","kudu",1,"2017-11-30","06:15:39"
"KAR","KAR_B01","2018-01-31 21:54:05","hare",1,"2018-01-31","21:54:05"
"KAR","KAR_D04","2017-11-23 17:06:52","gemsbokoryx",1,"2017-11-23","17:06:52"
"KAR","KAR_E03","2018-01-29 10:38:49","ostrich",1,"2018-01-29","10:38:49"
"KAR","KAR_C02","2018-01-11 10:30:47","eland",1,"2018-01-11","10:30:47"
"KAR","KAR_C02","2017-12-08 00:11:00","jackalblackbacked",1,"2017-12-08","00:11:00"
"KAR","KAR_E01","2017-12-19 08:51:43","gemsbokoryx",2,"2017-12-19","08:51:43"
"KAR","KAR_B01","2018-01-16 04:22:43","gemsbokoryx",1,"2018-01-16","04:22:43"
"KAR","KAR_C02","2018-01-04 13:48:26","hartebeestred",1,"2018-01-04","13:48:26"
"KAR","KAR_D01","2017-12-03 06:37:49","zebramountain",1,"2017-12-03","06:37:49"
"KAR","KAR_A01","2017-10-27 04:20:50","steenbok",1,"2017-10-27","04:20:50"
"KAR","KAR_B03","2017-12-20 07:30:36","baboon",6,"2017-12-20","07:30:36"
"KAR","KAR_E03","2017-12-13 15:55:26","gemsbokoryx",3,"2017-12-13","15:55:26"
"KAR","KAR_B02","2018-01-04 20:31:13","gemsbokoryx",1,"2018-01-04","20:31:13"
"KAR","KAR_D03","2017-10-08 07:34:10","baboon",1,"2017-10-08","07:34:10"
"KAR","KAR_B03","2018-01-01 20:09:59","hartebeestred",4,"2018-01-01","20:09:59"
"KAR","KAR_B02","2017-11-30 04:49:32","kudu",3,"2017-11-30","04:49:32"
"KAR","KAR_B03","2018-01-27 03:55:14","gemsbokoryx",2,"2018-01-27","03:55:14"
"KAR","KAR_C02","2017-11-01 08:55:38","gemsbokoryx",2,"2017-11-01","08:55:38"
"KAR","KAR_E01","2017-11-22 06:59:47","gemsbokoryx",2,"2017-11-22","06:59:47"
"KAR","KAR_A01","2018-01-25 17:23:29","zebramountain",4,"2018-01-25","17:23:29"
"KAR","KAR_B03","2017-12-14 22:51:29","bustardkori",1,"2017-12-14","22:51:29"
"KAR","KAR_B02","2017-12-20 12:16:37","gemsbokoryx",1,"2017-12-20","12:16:37"
"KAR","KAR_B02","2017-12-28 04:34:54","hartebeestred",1,"2017-12-28","04:34:54"
"KAR","KAR_B03","2018-01-06 07:01:38","springbok",2,"2018-01-06","07:01:38"
"KAR","KAR_D04","2017-12-09 06:13:33","gemsbokoryx",3,"2017-12-09","06:13:33"
"KAR","KAR_B02","2017-11-29 13:56:36","gemsbokoryx",1,"2017-11-29","13:56:36"
"KAR","KAR_E03","2017-12-08 00:09:10","steenbok",1,"2017-12-08","00:09:10"
"KAR","KAR_A02","2018-01-31 23:07:26","baboon",1,"2018-01-31","23:07:26"
"KAR","KAR_B03","2018-01-23 20:43:38","springbok",1,"2018-01-23","20:43:38"
"KAR","KAR_B02","2017-12-23 06:51:23","steenbok",5,"2017-12-23","06:51:23"
"KAR","KAR_B02","2018-01-26 07:18:14","eland",1,"2018-01-26","07:18:14"
"KAR","KAR_B01","2017-12-21 05:59:31","gemsbokoryx",1,"2017-12-21","05:59:31"
"KAR","KAR_B02","2017-12-27 07:37:11","kudu",1,"2017-12-27","07:37:11"
"KAR","KAR_A02","2017-11-04 08:45:24","zebramountain",1,"2017-11-04","08:45:24"
"KAR","KAR_A01","2017-12-19 08:59:47","gemsbokoryx",1,"2017-12-19","08:59:47"
"KAR","KAR_B02","2017-11-07 01:05:04","springbok",2,"2017-11-07","01:05:04"
"KAR","KAR_E02","2018-02-01 06:13:29","springbok",1,"2018-02-01","06:13:29"
"KAR","KAR_A02","2018-01-17 14:26:25","gemsbokoryx",1,"2018-01-17","14:26:25"
"KAR","KAR_D01","2018-01-28 09:45:41","steenbok",1,"2018-01-28","09:45:41"
"KAR","KAR_E03","2017-10-06 12:35:59","springbok",1,"2017-10-06","12:35:59"
"KAR","KAR_E03","2018-01-29 10:06:31","gemsbokoryx",1,"2018-01-29","10:06:31"
"KAR","KAR_A02","2018-01-21 14:52:11","birdother",1,"2018-01-21","14:52:11"
"KAR","KAR_E01","2017-10-11 09:00:30","springbok",1,"2017-10-11","09:00:30"
"KAR","KAR_E03","2017-11-19 05:27:14","springbok",1,"2017-11-19","05:27:14"
"KAR","KAR_A01","2017-11-13 11:28:53","hartebeestred",1,"2017-11-13","11:28:53"
"KAR","KAR_A02","2017-11-27 18:56:56","kudu",1,"2017-11-27","18:56:56"
"KAR","KAR_B03","2018-01-28 19:16:28","gemsbokoryx",1,"2018-01-28","19:16:28"
"KAR","KAR_E01","2018-01-30 06:07:29","kudu",1,"2018-01-30","06:07:29"
"KAR","KAR_C02","2018-02-07 06:20:54","gemsbokoryx",1,"2018-02-07","06:20:54"
"KAR","KAR_A02","2018-01-29 00:55:17","birdother",1,"2018-01-29","00:55:17"
"KAR","KAR_B02","2017-11-11 09:03:14","eland",1,"2017-11-11","09:03:14"
"KAR","KAR_D04","2018-02-02 14:59:39","gemsbokoryx",1,"2018-02-02","14:59:39"
"KAR","KAR_A01","2018-01-02 14:59:53","kudu",1,"2018-01-02","14:59:53"
"KAR","KAR_E02","2017-10-20 12:55:12","gemsbokoryx",1,"2017-10-20","12:55:12"
"KAR","KAR_B03","2018-01-08 09:37:33","baboon",1,"2018-01-08","09:37:33"
"KAR","KAR_B03","2017-12-15 06:16:13","gemsbokoryx",1,"2017-12-15","06:16:13"
"KAR","KAR_D04","2017-11-04 18:55:55","hartebeestred",1,"2017-11-04","18:55:55"
"KAR","KAR_D01","2017-11-22 09:36:53","zebramountain",1,"2017-11-22","09:36:53"
"KAR","KAR_C02","2017-11-17 01:20:57","gemsbokoryx",1,"2017-11-17","01:20:57"
"KAR","KAR_D04","2018-01-30 23:39:05","gemsbokoryx",1,"2018-01-30","23:39:05"
"KAR","KAR_A01","2017-12-16 07:54:59","steenbok",1,"2017-12-16","07:54:59"
"KAR","KAR_D04","2017-12-18 11:50:00","baboon",1,"2017-12-18","11:50:00"
"KAR","KAR_B03","2018-01-07 08:39:45","gemsbokoryx",1,"2018-01-07","08:39:45"
"KAR","KAR_A02","2018-01-12 08:45:59","eland",1,"2018-01-12","08:45:59"
"KAR","KAR_B03","2018-02-01 17:24:37","gemsbokoryx",1,"2018-02-01","17:24:37"
"KAR","KAR_A01","2017-11-19 07:53:45","eland",1,"2017-11-19","07:53:45"
"KAR","KAR_B02","2018-02-04 10:25:39","hare",1,"2018-02-04","10:25:39"
"KAR","KAR_B02","2018-01-07 19:32:03","kudu",1,"2018-01-07","19:32:03"
"KAR","KAR_B03","2018-01-28 12:32:09","gemsbokoryx",1,"2018-01-28","12:32:09"
"KAR","KAR_A01","2017-11-16 23:43:47","zebramountain",1,"2017-11-16","23:43:47"
"KAR","KAR_A02","2017-10-09 07:06:00","kudu",1,"2017-10-09","07:06:00"
"KAR","KAR_B02","2017-12-30 20:55:47","hartebeestred",1,"2017-12-30","20:55:47"
"KAR","KAR_C02","2017-10-13 11:47:49","jackalblackbacked",1,"2017-10-13","11:47:49"
"KAR","KAR_D04","2017-10-13 23:16:48","hyenabrown",1,"2017-10-13","23:16:48"
"KAR","KAR_B02","2018-01-11 05:25:16","jackalblackbacked",1,"2018-01-11","05:25:16"
"KAR","KAR_D04","2017-10-13 04:26:14","hartebeestred",1,"2017-10-13","04:26:14"
"KAR","KAR_B01","2017-12-26 14:05:10","hare",1,"2017-12-26","14:05:10"
"KAR","KAR_D04","2017-10-20 17:55:36","tortoise",1,"2017-10-20","17:55:36"
"KAR","KAR_B02","2018-01-03 19:14:56","kudu",1,"2018-01-03","19:14:56"
"KAR","KAR_E03","2017-11-30 05:53:44","rhebokgrey",1,"2017-11-30","05:53:44"
"KAR","KAR_C02","2017-12-04 18:51:03","kudu",1,"2017-12-04","18:51:03"
"KAR","KAR_B03","2017-12-11 15:05:45","gemsbokoryx",1,"2017-12-11","15:05:45"
"KAR","KAR_B02","2017-12-20 19:10:55","hartebeestred",1,"2017-12-20","19:10:55"
"KAR","KAR_B03","2017-10-23 07:18:40","gemsbokoryx",1,"2017-10-23","07:18:40"
"KAR","KAR_A01","2018-02-01 18:40:27","jackalblackbacked",1,"2018-02-01","18:40:27"
"KAR","KAR_B03","2018-01-12 16:15:13","eland",1,"2018-01-12","16:15:13"
"KAR","KAR_D04","2017-12-03 12:15:09","jackalblackbacked",1,"2017-12-03","12:15:09"
"KAR","KAR_D04","2017-10-18 12:38:37","steenbok",1,"2017-10-18","12:38:37"
"KAR","KAR_B02","2017-12-07 02:22:59","hartebeestred",1,"2017-12-07","02:22:59"
"KAR","KAR_B02","2017-11-27 18:05:56","gemsbokoryx",1,"2017-11-27","18:05:56"
"KAR","KAR_D01","2017-10-14 18:17:22","eland",1,"2017-10-14","18:17:22"
"KAR","KAR_D04","2018-01-12 04:57:17","kudu",1,"2018-01-12","04:57:17"
"KAR","KAR_E01","2017-12-20 19:10:58","kudu",1,"2017-12-20","19:10:58"
"KAR","KAR_A01","2017-11-20 22:26:21","gemsbokoryx",1,"2017-11-20","22:26:21"
"KAR","KAR_E03","2017-12-24 06:01:05","gemsbokoryx",1,"2017-12-24","06:01:05"
"KAR","KAR_B03","2017-10-26 17:31:11","hartebeestred",1,"2017-10-26","17:31:11"
"KAR","KAR_E03","2017-11-11 04:12:02","baboon",1,"2017-11-11","04:12:02"
"KAR","KAR_A01","2018-01-04 10:37:18","steenbok",1,"2018-01-04","10:37:18"
"KAR","KAR_E01","2018-01-23 10:00:30","eland",1,"2018-01-23","10:00:30"
"KAR","KAR_B01","2017-10-25 06:11:20","hartebeestred",1,"2017-10-25","06:11:20"
"KAR","KAR_D03","2018-01-14 05:54:36","steenbok",1,"2018-01-14","05:54:36"
"KAR","KAR_A02","2017-11-15 15:15:53","kudu",1,"2017-11-15","15:15:53"
"KAR","KAR_B01","2017-12-05 06:37:05","baboon",1,"2017-12-05","06:37:05"
"KAR","KAR_D04","2018-02-03 11:37:53","gemsbokoryx",1,"2018-02-03","11:37:53"
"KAR","KAR_A02","2017-12-13 17:58:24","ostrich",1,"2017-12-13","17:58:24"
"KAR","KAR_F02","2017-12-12 07:36:04","gemsbokoryx",1,"2017-12-12","07:36:04"
"KAR","KAR_D04","2018-01-25 18:15:42","springbok",1,"2018-01-25","18:15:42"
"KAR","KAR_E01","2017-12-13 14:21:31","kudu",1,"2017-12-13","14:21:31"
"KAR","KAR_D01","2017-11-22 09:29:46","gemsbokoryx",1,"2017-11-22","09:29:46"
"KAR","KAR_A01","2017-12-08 07:38:04","gemsbokoryx",1,"2017-12-08","07:38:04"
"KAR","KAR_D04","2018-01-29 20:40:59","baboon",1,"2018-01-29","20:40:59"
"KAR","KAR_B02","2017-11-27 13:56:31","bustardkori",1,"2017-11-27","13:56:31"
"KAR","KAR_D01","2017-11-25 06:38:01","eland",1,"2017-11-25","06:38:01"
"KAR","KAR_A01","2018-01-28 06:11:17","gemsbokoryx",1,"2018-01-28","06:11:17"
"KAR","KAR_E01","2018-01-22 16:55:53","gemsbokoryx",1,"2018-01-22","16:55:53"
"KAR","KAR_B02","2018-02-02 17:46:02","kudu",1,"2018-02-02","17:46:02"
"KAR","KAR_B03","2018-01-01 10:36:03","duikercommon",1,"2018-01-01","10:36:03"
"KAR","KAR_B02","2017-11-15 09:32:59","eland",1,"2017-11-15","09:32:59"
"KAR","KAR_C02","2017-11-02 01:39:04","reedbuckmountain",1,"2017-11-02","01:39:04"
"KAR","KAR_B03","2018-02-01 07:57:20","eland",1,"2018-02-01","07:57:20"
"KAR","KAR_D04","2017-12-25 19:00:58","baboon",1,"2017-12-25","19:00:58"
"KAR","KAR_E01","2017-11-21 20:15:46","eland",1,"2017-11-21","20:15:46"
"KAR","KAR_D01","2017-12-10 13:56:18","kudu",1,"2017-12-10","13:56:18"
"KAR","KAR_E03","2018-01-31 01:51:51","eland",1,"2018-01-31","01:51:51"
"KAR","KAR_A02","2017-11-24 09:50:36","eland",1,"2017-11-24","09:50:36"
"KAR","KAR_C02","2018-01-29 14:25:34","springbok",1,"2018-01-29","14:25:34"
"KAR","KAR_E01","2018-01-29 02:07:59","springbok",1,"2018-01-29","02:07:59"
"KAR","KAR_B03","2017-12-07 17:53:52","birdother",1,"2017-12-07","17:53:52"
"KAR","KAR_E01","2018-01-15 01:32:20","springbok",1,"2018-01-15","01:32:20"
"KAR","KAR_B01","2018-01-12 08:49:58","duikercommon",1,"2018-01-12","08:49:58"
"KAR","KAR_E01","2017-10-13 03:52:47","mongoosesmallcapegrey",1,"2017-10-13","03:52:47"
"KAR","KAR_E01","2018-01-13 09:29:27","zebramountain",1,"2018-01-13","09:29:27"
"KAR","KAR_A01","2017-12-29 02:42:14","gemsbokoryx",1,"2017-12-29","02:42:14"
"KAR","KAR_A02","2017-10-27 11:46:52","kudu",1,"2017-10-27","11:46:52"
"KAR","KAR_E01","2017-12-18 12:46:26","reedbuckmountain",1,"2017-12-18","12:46:26"
"KAR","KAR_B03","2018-02-05 14:28:58","kudu",1,"2018-02-05","14:28:58"
"KAR","KAR_D01","2017-10-04 17:59:27","kudu",1,"2017-10-04","17:59:27"
"KAR","KAR_B03","2017-12-31 11:30:15","jackalblackbacked",1,"2017-12-31","11:30:15"
"KAR","KAR_D01","2017-11-07 16:35:36","baboon",1,"2017-11-07","16:35:36"
"KAR","KAR_A01","2017-11-01 03:40:02","eland",1,"2017-11-01","03:40:02"
"KAR","KAR_D01","2018-02-05 15:23:28","duikercommon",1,"2018-02-05","15:23:28"
"KAR","KAR_E03","2017-12-06 05:16:27","gemsbokoryx",1,"2017-12-06","05:16:27"
"KAR","KAR_A01","2017-11-10 23:59:31","steenbok",1,"2017-11-10","23:59:31"
"KAR","KAR_D04","2018-01-14 20:04:17","hartebeestred",1,"2018-01-14","20:04:17"
"KAR","KAR_D04","2018-02-05 02:49:28","gemsbokoryx",1,"2018-02-05","02:49:28"
"KAR","KAR_C02","2017-11-14 12:00:35","baboon",1,"2017-11-14","12:00:35"
"KAR","KAR_C03","2018-01-23 16:14:12","zebramountain",1,"2018-01-23","16:14:12"
"KAR","KAR_B02","2017-11-23 16:35:33","birdother",1,"2017-11-23","16:35:33"
"KAR","KAR_B03","2017-10-19 13:18:44","ostrich",1,"2017-10-19","13:18:44"
"KAR","KAR_B02","2018-01-07 03:35:08","gemsbokoryx",1,"2018-01-07","03:35:08"
"KAR","KAR_B03","2017-11-16 15:38:25","kudu",1,"2017-11-16","15:38:25"
"KAR","KAR_E02","2018-01-23 18:18:06","kudu",1,"2018-01-23","18:18:06"
"KAR","KAR_E03","2018-01-04 07:40:39","kudu",1,"2018-01-04","07:40:39"
"KAR","KAR_B03","2018-01-01 08:29:44","gemsbokoryx",1,"2018-01-01","08:29:44"
"KAR","KAR_B02","2017-10-11 19:37:44","birdother",1,"2017-10-11","19:37:44"
"KAR","KAR_B03","2018-01-17 17:36:34","gemsbokoryx",1,"2018-01-17","17:36:34"
"KAR","KAR_D03","2018-01-22 11:39:11","baboon",1,"2018-01-22","11:39:11"
"KAR","KAR_B02","2017-12-18 07:28:20","baboon",1,"2017-12-18","07:28:20"
"KAR","KAR_D01","2017-12-18 14:16:38","kudu",1,"2017-12-18","14:16:38"
"KAR","KAR_E02","2018-02-05 17:47:15","foxbateared",1,"2018-02-05","17:47:15"
"KAR","KAR_B02","2017-11-09 13:20:16","reedbuckmountain",1,"2017-11-09","13:20:16"
"KAR","KAR_D01","2017-12-28 15:35:20","kudu",2,"2017-12-28","15:35:20"
"KAR","KAR_D04","2017-10-27 06:50:37","baboon",1,"2017-10-27","06:50:37"
"KAR","KAR_C02","2018-01-31 14:50:43","gemsbokoryx",1,"2018-01-31","14:50:43"
"KAR","KAR_E03","2017-10-28 14:21:57","kudu",1,"2017-10-28","14:21:57"
"KAR","KAR_B03","2017-12-15 06:10:19","springbok",1,"2017-12-15","06:10:19"
"KAR","KAR_A01","2018-01-01 11:17:23","gemsbokoryx",1,"2018-01-01","11:17:23"
"KAR","KAR_B03","2017-12-28 16:34:22","ostrich",1,"2017-12-28","16:34:22"
"KAR","KAR_B03","2018-01-05 01:09:15","ostrich",1,"2018-01-05","01:09:15"
"KAR","KAR_D01","2017-10-08 04:07:17","eland",1,"2017-10-08","04:07:17"
"KAR","KAR_C02","2017-12-13 08:06:04","zebramountain",1,"2017-12-13","08:06:04"
"KAR","KAR_E01","2017-11-18 14:14:27","gemsbokoryx",1,"2017-11-18","14:14:27"
"KAR","KAR_D03","2017-12-09 05:26:18","birdother",1,"2017-12-09","05:26:18"
"KAR","KAR_B03","2017-10-18 23:53:10","eland",1,"2017-10-18","23:53:10"
"KAR","KAR_B03","2018-02-06 02:10:35","baboon",1,"2018-02-06","02:10:35"
"KAR","KAR_F02","2018-01-25 17:21:15","eland",1,"2018-01-25","17:21:15"
"KAR","KAR_B03","2018-01-04 11:31:39","bustardkori",1,"2018-01-04","11:31:39"
"KAR","KAR_D04","2018-02-02 14:54:31","gemsbokoryx",1,"2018-02-02","14:54:31"
"KAR","KAR_E02","2017-12-16 20:16:37","gemsbokoryx",1,"2017-12-16","20:16:37"
"KAR","KAR_B02","2017-12-23 05:28:54","jackalblackbacked",1,"2017-12-23","05:28:54"
"KAR","KAR_E02","2017-10-05 15:49:29","gemsbokoryx",1,"2017-10-05","15:49:29"
"KAR","KAR_B02","2018-01-10 20:29:49","eland",1,"2018-01-10","20:29:49"
"KAR","KAR_B02","2017-10-23 10:48:53","eland",3,"2017-10-23","10:48:53"
"KAR","KAR_C03","2017-12-26 20:32:05","jackalblackbacked",2,"2017-12-26","20:32:05"
"KAR","KAR_C02","2017-12-29 22:59:15","foxbateared",1,"2017-12-29","22:59:15"
"KAR","KAR_A01","2017-12-27 04:32:01","eland",1,"2017-12-27","04:32:01"
"KAR","KAR_A02","2018-02-02 15:54:08","gemsbokoryx",1,"2018-02-02","15:54:08"
"KAR","KAR_A02","2018-01-28 10:22:14","baboon",1,"2018-01-28","10:22:14"
"KAR","KAR_B02","2017-11-19 05:38:38","caracal",1,"2017-11-19","05:38:38"
"KAR","KAR_E01","2017-10-12 06:22:48","kudu",2,"2017-10-12","06:22:48"
"KAR","KAR_C03","2017-10-12 20:18:24","kudu",1,"2017-10-12","20:18:24"
"KAR","KAR_D03","2018-01-08 08:37:11","gemsbokoryx",2,"2018-01-08","08:37:11"
"KAR","KAR_C03","2018-02-04 23:40:50","hartebeestred",1,"2018-02-04","23:40:50"
"KAR","KAR_A01","2017-10-06 14:45:07","springbok",1,"2017-10-06","14:45:07"
"KAR","KAR_A01","2017-10-18 13:40:10","eland",1,"2017-10-18","13:40:10"
"KAR","KAR_B02","2017-10-13 04:58:28","gemsbokoryx",1,"2017-10-13","04:58:28"
"KAR","KAR_A02","2018-01-20 13:37:39","gemsbokoryx",4,"2018-01-20","13:37:39"
"KAR","KAR_A01","2017-12-13 09:11:22","bustardkori",4,"2017-12-13","09:11:22"
"KAR","KAR_B03","2017-12-19 20:30:11","kudu",1,"2017-12-19","20:30:11"
"KAR","KAR_E03","2017-12-06 06:58:20","rhinocerosblack",1,"2017-12-06","06:58:20"
"KAR","KAR_E03","2017-11-12 19:19:51","steenbok",1,"2017-11-12","19:19:51"
"KAR","KAR_A02","2018-01-05 00:50:04","kudu",1,"2018-01-05","00:50:04"
"KAR","KAR_B02","2017-12-28 14:20:42","jackalblackbacked",1,"2017-12-28","14:20:42"
"KAR","KAR_B02","2018-01-04 04:50:25","gemsbokoryx",1,"2018-01-04","04:50:25"
"KAR","KAR_A01","2017-12-04 09:39:32","steenbok",1,"2017-12-04","09:39:32"
"KAR","KAR_E03","2018-01-02 13:14:16","gemsbokoryx",1,"2018-01-02","13:14:16"
"KAR","KAR_B02","2018-02-01 12:57:31","birdother",2,"2018-02-01","12:57:31"
"KAR","KAR_A01","2017-10-17 17:52:57","kudu",3,"2017-10-17","17:52:57"
"KAR","KAR_E03","2017-12-30 18:04:41","jackalblackbacked",1,"2017-12-30","18:04:41"
"KAR","KAR_B03","2017-11-26 09:24:40","kudu",1,"2017-11-26","09:24:40"
"KAR","KAR_B03","2017-10-22 06:15:47","bustardludwigs",1,"2017-10-22","06:15:47"
"KAR","KAR_B03","2018-01-03 20:13:35","zebramountain",5,"2018-01-03","20:13:35"
"KAR","KAR_C02","2017-10-17 10:42:32","gemsbokoryx",1,"2017-10-17","10:42:32"
"KAR","KAR_E01","2017-10-06 01:09:07","kudu",1,"2017-10-06","01:09:07"
"KAR","KAR_C03","2017-11-23 10:37:26","hartebeestred",1,"2017-11-23","10:37:26"
"KAR","KAR_E03","2017-10-16 18:25:02","jackalblackbacked",1,"2017-10-16","18:25:02"
"KAR","KAR_D04","2017-11-16 13:55:56","kudu",1,"2017-11-16","13:55:56"
"KAR","KAR_D03","2017-12-05 16:56:21","jackalblackbacked",1,"2017-12-05","16:56:21"
"KAR","KAR_A01","2017-10-24 05:36:09","hartebeestred",1,"2017-10-24","05:36:09"
"KAR","KAR_D01","2017-12-08 20:21:17","kudu",1,"2017-12-08","20:21:17"
"KAR","KAR_E01","2018-01-15 06:28:32","eland",1,"2018-01-15","06:28:32"
"KAR","KAR_A01","2017-11-28 05:17:07","baboon",1,"2017-11-28","05:17:07"
"KAR","KAR_B02","2017-10-13 09:33:55","zebramountain",1,"2017-10-13","09:33:55"
"KAR","KAR_A01","2017-12-03 14:40:39","birdother",1,"2017-12-03","14:40:39"
"KAR","KAR_C03","2017-11-22 15:49:03","baboon",1,"2017-11-22","15:49:03"
"KAR","KAR_E01","2017-11-01 11:36:45","kudu",1,"2017-11-01","11:36:45"
"KAR","KAR_E03","2017-11-17 08:56:45","gemsbokoryx",1,"2017-11-17","08:56:45"
"KAR","KAR_D01","2018-01-13 02:04:22","gemsbokoryx",2,"2018-01-13","02:04:22"
"KAR","KAR_C02","2018-01-04 06:27:53","kudu",1,"2018-01-04","06:27:53"
"KAR","KAR_D01","2017-12-20 18:35:28","bustardludwigs",1,"2017-12-20","18:35:28"
"KAR","KAR_A02","2018-01-23 14:00:27","ostrich",1,"2018-01-23","14:00:27"
"KAR","KAR_C02","2017-10-21 06:45:07","kudu",1,"2017-10-21","06:45:07"
"KAR","KAR_D01","2017-12-18 19:55:29","gemsbokoryx",1,"2017-12-18","19:55:29"
"KAR","KAR_B02","2017-12-03 19:21:14","gemsbokoryx",1,"2017-12-03","19:21:14"
"KAR","KAR_B01","2017-12-23 15:49:17","wildebeestblue",1,"2017-12-23","15:49:17"
"KAR","KAR_A02","2018-01-28 18:23:44","steenbok",1,"2018-01-28","18:23:44"
"KAR","KAR_E01","2018-01-07 07:58:34","baboon",1,"2018-01-07","07:58:34"
"KAR","KAR_D03","2018-02-03 23:29:38","gemsbokoryx",1,"2018-02-03","23:29:38"
"KAR","KAR_E02","2017-12-06 19:25:44","baboon",1,"2017-12-06","19:25:44"
"KAR","KAR_D03","2018-01-31 17:57:21","baboon",1,"2018-01-31","17:57:21"
"KAR","KAR_B02","2017-12-11 06:47:23","kudu",1,"2017-12-11","06:47:23"
"KAR","KAR_E03","2018-01-20 08:50:44","gemsbokoryx",1,"2018-01-20","08:50:44"
"KAR","KAR_A01","2017-10-24 11:23:36","reedbuckmountain",1,"2017-10-24","11:23:36"
"KAR","KAR_B03","2017-12-11 15:23:46","zebramountain",1,"2017-12-11","15:23:46"
"KAR","KAR_D01","2017-11-10 20:40:38","gemsbokoryx",1,"2017-11-10","20:40:38"
"KAR","KAR_B03","2017-12-31 07:40:04","hartebeestred",1,"2017-12-31","07:40:04"
"KAR","KAR_D04","2017-12-05 06:26:24","kudu",1,"2017-12-05","06:26:24"
"KAR","KAR_A01","2017-12-11 07:55:55","zebramountain",1,"2017-12-11","07:55:55"
"KAR","KAR_A02","2018-01-29 18:16:07","gemsbokoryx",1,"2018-01-29","18:16:07"
"KAR","KAR_B02","2017-12-05 09:49:57","birdother",1,"2017-12-05","09:49:57"
"KAR","KAR_E01","2017-11-29 14:26:57","hartebeestred",1,"2017-11-29","14:26:57"
"KAR","KAR_E02","2017-10-18 09:16:23","duikercommon",1,"2017-10-18","09:16:23"
"KAR","KAR_E01","2017-11-13 09:12:36","kudu",1,"2017-11-13","09:12:36"
"KAR","KAR_E01","2018-01-25 07:57:12","baboon",1,"2018-01-25","07:57:12"
"KAR","KAR_E01","2018-01-20 15:27:19","gemsbokoryx",1,"2018-01-20","15:27:19"
"KAR","KAR_B03","2018-01-27 07:08:26","baboon",1,"2018-01-27","07:08:26"
"KAR","KAR_A01","2017-10-14 07:18:09","gemsbokoryx",1,"2017-10-14","07:18:09"
"KAR","KAR_A02","2017-10-26 14:18:40","kudu",1,"2017-10-26","14:18:40"
"KAR","KAR_A01","2017-11-14 08:23:16","eland",1,"2017-11-14","08:23:16"
"KAR","KAR_B03","2017-12-02 08:40:06","kudu",1,"2017-12-02","08:40:06"
"KAR","KAR_B02","2017-11-02 06:54:55","bustardkori",1,"2017-11-02","06:54:55"
"KAR","KAR_E02","2018-02-02 00:12:04","hartebeestred",1,"2018-02-02","00:12:04"
"KAR","KAR_B03","2017-10-10 18:34:35","gemsbokoryx",1,"2017-10-10","18:34:35"
"KAR","KAR_B03","2018-01-08 09:12:53","baboon",1,"2018-01-08","09:12:53"
"KAR","KAR_D01","2017-10-18 23:52:53","kudu",1,"2017-10-18","23:52:53"
"KAR","KAR_C02","2018-01-26 08:55:56","eland",1,"2018-01-26","08:55:56"
"KAR","KAR_F02","2017-12-11 20:56:01","lionmale",1,"2017-12-11","20:56:01"
"KAR","KAR_B02","2018-01-29 15:15:54","zebramountain",1,"2018-01-29","15:15:54"
"KAR","KAR_D01","2018-01-13 04:17:23","gemsbokoryx",1,"2018-01-13","04:17:23"
"KAR","KAR_D01","2017-10-17 06:20:02","kudu",1,"2017-10-17","06:20:02"
"KAR","KAR_A01","2017-10-14 13:00:24","zebramountain",1,"2017-10-14","13:00:24"
"KAR","KAR_B01","2017-12-18 17:32:59","hartebeestred",1,"2017-12-18","17:32:59"
"KAR","KAR_E01","2017-12-26 05:25:24","caracal",1,"2017-12-26","05:25:24"
"KAR","KAR_B03","2017-10-04 15:41:56","ostrich",1,"2017-10-04","15:41:56"
"KAR","KAR_D04","2017-12-19 18:18:51","hartebeestred",1,"2017-12-19","18:18:51"
"KAR","KAR_B02","2018-01-16 17:48:01","kudu",1,"2018-01-16","17:48:01"
"KAR","KAR_D03","2017-12-03 09:51:07","kudu",1,"2017-12-03","09:51:07"
"KAR","KAR_C02","2017-12-28 16:06:34","eland",1,"2017-12-28","16:06:34"
"KAR","KAR_B03","2018-01-29 02:17:05","kudu",1,"2018-01-29","02:17:05"
"KAR","KAR_E02","2017-10-28 01:04:36","zebramountain",1,"2017-10-28","01:04:36"
"KAR","KAR_A01","2018-01-04 23:02:46","hartebeestred",1,"2018-01-04","23:02:46"
"KAR","KAR_E03","2018-01-13 14:47:18","jackalblackbacked",1,"2018-01-13","14:47:18"
"KAR","KAR_B02","2017-12-12 21:24:20","eland",1,"2017-12-12","21:24:20"
"KAR","KAR_A02","2018-01-21 07:44:58","eland",1,"2018-01-21","07:44:58"
"KAR","KAR_D04","2017-12-06 12:32:06","duikercommon",1,"2017-12-06","12:32:06"
"KAR","KAR_A02","2017-12-27 21:33:22","steenbok",1,"2017-12-27","21:33:22"
"KAR","KAR_E03","2017-10-07 06:22:08","kudu",1,"2017-10-07","06:22:08"
"KAR","KAR_A02","2017-12-14 07:34:29","springbok",1,"2017-12-14","07:34:29"
"KAR","KAR_D03","2017-12-26 19:55:52","gemsbokoryx",1,"2017-12-26","19:55:52"
"KAR","KAR_E02","2017-12-16 01:06:26","gemsbokoryx",1,"2017-12-16","01:06:26"
"KAR","KAR_A01","2018-01-28 12:19:30","gemsbokoryx",1,"2018-01-28","12:19:30"
"KAR","KAR_A01","2018-01-25 19:20:17","gemsbokoryx",1,"2018-01-25","19:20:17"
"KAR","KAR_B03","2018-01-09 04:09:58","eland",1,"2018-01-09","04:09:58"
"KAR","KAR_B02","2017-12-14 16:50:12","gemsbokoryx",1,"2017-12-14","16:50:12"
"KAR","KAR_B03","2017-11-20 13:05:28","hartebeestred",1,"2017-11-20","13:05:28"
"KAR","KAR_E02","2017-12-04 12:45:35","springbok",1,"2017-12-04","12:45:35"
"KAR","KAR_E02","2017-10-25 18:30:45","gemsbokoryx",1,"2017-10-25","18:30:45"
"KAR","KAR_B03","2017-12-17 12:01:52","baboon",1,"2017-12-17","12:01:52"
"KAR","KAR_A02","2017-10-06 09:59:54","kudu",2,"2017-10-06","09:59:54"
"KAR","KAR_B03","2017-11-07 02:00:41","kudu",1,"2017-11-07","02:00:41"
"KAR","KAR_B02","2018-02-04 06:57:57","kudu",1,"2018-02-04","06:57:57"
"KAR","KAR_D03","2017-10-10 20:07:10","hartebeestred",1,"2017-10-10","20:07:10"
"KAR","KAR_B02","2017-12-10 06:45:52","ostrich",1,"2017-12-10","06:45:52"
"KAR","KAR_C03","2017-11-27 19:14:43","duikercommon",1,"2017-11-27","19:14:43"
"KAR","KAR_D01","2017-10-15 06:32:55","eland",1,"2017-10-15","06:32:55"
"KAR","KAR_E03","2018-01-05 04:11:06","gemsbokoryx",1,"2018-01-05","04:11:06"
"KAR","KAR_B03","2017-10-28 05:38:36","hartebeestred",1,"2017-10-28","05:38:36"
"KAR","KAR_D04","2018-01-09 05:24:19","jackalblackbacked",1,"2018-01-09","05:24:19"
"KAR","KAR_A01","2018-02-01 20:52:43","eland",1,"2018-02-01","20:52:43"
"KAR","KAR_B02","2017-12-12 20:36:39","hartebeestred",1,"2017-12-12","20:36:39"
"KAR","KAR_E01","2018-01-02 05:37:04","gemsbokoryx",1,"2018-01-02","05:37:04"
"KAR","KAR_C02","2017-10-06 10:32:03","kudu",1,"2017-10-06","10:32:03"
"KAR","KAR_A02","2018-01-26 05:09:50","baboon",1,"2018-01-26","05:09:50"
"KAR","KAR_C02","2018-01-12 13:55:26","gemsbokoryx",1,"2018-01-12","13:55:26"
"KAR","KAR_E02","2017-11-13 06:52:17","kudu",1,"2017-11-13","06:52:17"
"KAR","KAR_A02","2017-10-06 12:38:10","birdother",1,"2017-10-06","12:38:10"
"KAR","KAR_A02","2017-10-05 21:24:38","kudu",1,"2017-10-05","21:24:38"
"KAR","KAR_E02","2017-10-10 20:20:27","reedbuckmountain",1,"2017-10-10","20:20:27"
